order_id,customer_id,order_date,status
900001,100571,7/5/2025 23:02,DELIVERED
900002,100308,4/12/2025 0:31,CANCELLED
900003,100349,11/30/2025 8:16,PLACED
900004,100097,2/11/2026 13:41,DELIVERED
900005,,4/17/2026 18:00,DELIVERED
900006,100717,7/10/2024 18:45,SHIPPED
900007,100854,8/24/2025 17:05,SHIPPED
900008,100827,1/2/2026 13:48,DELIVERED
900009,100249,2024/17/12  11:01:00 PM,DELIVERED
900010,100966,12/28/2025 15:40,CANCELLED
900011,100485,10/23/2025 9:23,SHIPPED
900012,100777,12/31/2024 10:23,DELIVERED
900013,100133,5/1/2026 11:21,CANCELLED
900014,100889,11/30/2024 9:29,DELIVERED
900015,100262,7/7/2024 21:25,DELIVERED
900016,101000,6/12/2025 23:54,DELIVERED
900017,100763,4/26/2025 20:13,DELIVERED
900018,100058,5/25/2026 16:57,CANCELLED
900019,100011,6/8/2026 1:42,SHIPPED
900020,,24-01-2026,RETURNED
900021,100326,8/8/2024 12:13,SHIPPED
900022,100384,8/17/2025 11:38,DELIVERED
900023,100966,9/2/2025 11:07,CANCELLED
900024,100652,5/5/2025 10:19,DELIVERED
900025,100837,8/6/2024 9:18,DELIVERED
900026,100746,6/14/2025 0:06,SHIPPED
900027,100517,6/21/2025 23:45,DELIVERED
900028,100137,6/5/2026 21:18,DELIVERED
900029,100057,1/13/2026 0:15,DELIVERED
900030,100900,4/12/2026 17:27,CANCELLED
900031,100895,9/15/2024 17:57,DELIVERED
900032,,10/19/2024 20:17,DELIVERED
900033,100348,7/28/2025 16:47,DELIVERED
900034,100858,9/30/2025 2:31,DELIVERED
900035,100103,2/28/2025 8:19,CANCELLED
900036,100027,7/14/2025 14:35,PLACED
900037,100759,6/6/2026 2:59,CANCELLED
900038,100319,4/11/2025 23:14,RETURNED
900039,100648,4/10/2026 5:34,DELIVERED
900040,100354,8/28/2024 21:32,DELIVERED
900041,100588,7/28/2024 21:44,DELIVERED
900042,100918,10/23/2025 17:45,DELIVERED
900043,100902,9/7/2024 17:52,SHIPPED
900044,100556,8/21/2025 10:58,RETURNED
900045,100128,9/27/2025 20:17,DELIVERED
900046,100583,2/5/2026 14:38,DELIVERED
900047,100095,8/3/2025 19:58,SHIPPED
900048,100763,12/4/2025 20:53,SHIPPED
900049,100821,11/2/2025 9:00,DELIVERED
900050,100756,9/29/2025 12:12,DELIVERED
900051,100953,6/6/2025 2:11,DELIVERED
900052,100528,11/9/2025 3:18,SHIPPED
900053,100513,20-08-2025,CANCELLED
900054,100388,12/6/2024 12:45,DELIVERED
900055,100188,21-11-2024,DELIVERED
900056,100116,7/12/2025 13:28,DELIVERED
900057,100213,3/10/2026 19:51,CANCELLED
900058,100732,12/6/2024 16:41,RETURNED
900059,100956,12/6/2025 11:26,SHIPPED
900060,100449,12/26/2025 12:05,DELIVERED
900061,100266,11/9/2025 21:17,SHIPPED
900062,100644,6/25/2026 11:41,PLACED
900063,,9/27/2025 18:04,DELIVERED
900064,100243,9/8/2024 6:44,SHIPPED
900065,100238,7/21/2025 19:27,CANCELLED
900066,100600,11/14/2025 5:06,SHIPPED
900067,100609,9/9/2024 8:50,SHIPPED
900068,100948,12/28/2024 17:40,DELIVERED
900069,,4/12/2026 0:24,CANCELLED
900070,100573,6/25/2026 17:54,SHIPPED
900071,100655,9/10/2024 18:53,DELIVERED
900072,100739,1/23/2025 8:27,SHIPPED
900073,100420,2/18/2025 1:46,DELIVERED
900074,100651,2/8/2025 5:15,PLACED
900075,100324,7/3/2025 3:48,SHIPPED
900076,100861,9/1/2025 3:11,RETURNED
900077,100968,3/8/2025 19:20,DELIVERED
900078,100522,11/24/2024 11:23,SHIPPED
900079,100719,9/2/2024 19:17,PLACED
900080,100752,8/8/2024 0:21,DELIVERED
900081,100402,11/18/2025 0:43,DELIVERED
900082,100562,18-01-2026,DELIVERED
900083,100363,12/10/2024 10:31,DELIVERED
900084,100975,4/14/2025 17:03,SHIPPED
900085,100679,6/25/2026 19:08,PLACED
900086,100642,5/13/2026 0:20,CANCELLED
900087,100605,8/30/2025 20:55,SHIPPED
900088,100161,12/8/2024 4:56,DELIVERED
900089,100119,1/12/2026 8:18,CANCELLED
900090,100632,1/7/2026 12:44,DELIVERED
900091,100373,9/3/2024 12:02,PLACED
900092,100811,7/22/2024 22:57,DELIVERED
900093,100341,8/19/2024 5:32,DELIVERED
900094,100878,12/21/2025 21:05,DELIVERED
900095,100372,11/8/2025 17:07,DELIVERED
900096,,10/13/2024 20:17,SHIPPED
900097,100962,5/3/2026 19:08,PLACED
900098,100061,2/12/2026 9:50,SHIPPED
900099,100225,8/16/2024 5:50,SHIPPED
900100,100738,10/2/2025 3:57,SHIPPED
900101,100565,2/6/2025 12:00,PLACED
900102,100445,1/9/2025 19:29,PLACED
900103,100748,10/13/2024 4:31,PLACED
900104,100772,2/2/2026 14:12,SHIPPED
900105,100087,3/17/2026 9:39,SHIPPED
900106,,7/27/2024 21:55,DELIVERED
900107,100166,4/12/2025 11:00,SHIPPED
900108,100964,11/2/2024 15:19,DELIVERED
900109,100445,11/3/2024 5:20,DELIVERED
900110,100495,5/29/2026 17:39,RETURNED
900111,100180,10/29/2025 7:40,CANCELLED
900112,100642,6/17/2025 22:45,PLACED
900113,100698,10/5/2025 7:50,DELIVERED
900114,100906,1/8/2026 11:35,DELIVERED
900115,100616,1/6/2026 9:36,DELIVERED
900116,100152,3/2/2025 7:30,CANCELLED
900117,100146,2/14/2026 5:35,DELIVERED
900118,100662,16-07-2024,DELIVERED
900119,100528,8/4/2025 1:59,DELIVERED
900120,100723,3/13/2025 2:03,DELIVERED
900121,100419,8/8/2025 13:30,DELIVERED
900122,100630,3/24/2025 19:54,CANCELLED
900123,100926,2/23/2026 7:45,DELIVERED
900124,100005,7/8/2024 11:11,DELIVERED
900125,100776,1/21/2026 9:43,DELIVERED
900126,100588,12/28/2024 15:05,DELIVERED
900127,100946,3/14/2025 11:33,DELIVERED
900128,100048,9/3/2024 2:57,DELIVERED
900129,100929,11/2/2024 0:46,DELIVERED
900130,100005,8/2/2024 1:10,DELIVERED
900131,100284,3/21/2026 3:09,DELIVERED
900132,100904,5/13/2025 15:45,SHIPPED
900133,100665,3/10/2025 8:09,PLACED
900134,100307,8/23/2024 3:21,DELIVERED
900135,100380,10/4/2024 5:12,DELIVERED
900136,100540,6/6/2025 18:52,DELIVERED
900137,100777,12/8/2024 16:54,DELIVERED
900138,100700,8/15/2024 5:05,DELIVERED
900139,100768,11/3/2025 20:48,DELIVERED
900140,100617,1/2/2025 3:18,DELIVERED
900141,100135,5/8/2026 6:24,CANCELLED
900142,100266,5/18/2026 13:37,PLACED
900143,100089,7/21/2025 4:42,DELIVERED
900144,100221,1/25/2026 7:47,DELIVERED
900145,100747,10/11/2025 11:52,DELIVERED
900146,100980,10/23/2025 9:39,DELIVERED
900147,100191,12/13/2024 11:46,SHIPPED
900148,100929,1/9/2026 18:24,DELIVERED
900149,100257,4/15/2026 3:53,PLACED
900150,100628,12/10/2025 23:31,RETURNED
900151,100393,5/18/2025 7:44,CANCELLED
900152,100101,10/1/2024 15:21,DELIVERED
900153,100062,5/30/2026 10:51,SHIPPED
900154,100843,9/26/2025 5:37,SHIPPED
900155,100534,9/28/2025 21:55,DELIVERED
900156,100172,11/5/2024 18:40,CANCELLED
900157,100956,5/30/2026 18:04,DELIVERED
900158,100781,1/30/2025 21:10,DELIVERED
900159,100098,4/18/2025 18:12,RETURNED
900160,100144,3/13/2025 20:00,SHIPPED
900161,100592,6/8/2026 21:29,DELIVERED
900162,,9/12/2024 5:35,SHIPPED
900163,100645,3/31/2026 23:23,DELIVERED
900164,100713,10/18/2025 12:57,RETURNED
900165,100557,10/1/2025 20:16,DELIVERED
900166,100193,10/29/2025 8:49,DELIVERED
900167,100251,12/30/2025 2:54,DELIVERED
900168,100215,10/18/2024 22:42,SHIPPED
900169,100121,8/26/2024 21:40,SHIPPED
900170,100294,8/25/2024 19:48,RETURNED
900171,100731,4/18/2025 21:57,SHIPPED
900172,100090,9/2/2024 3:17,DELIVERED
900173,100010,12/22/2025 3:49,DELIVERED
900174,100546,8/2/2025 12:06,PLACED
900175,100184,8/29/2024 20:31,SHIPPED
900176,100125,8/30/2024 14:39,CANCELLED
900177,100332,8/18/2025 7:09,DELIVERED
900178,100028,12/16/2025 22:25,DELIVERED
900179,100114,10/23/2025 20:17,CANCELLED
900180,100439,7/14/2025 22:44,DELIVERED
900181,100056,4/9/2026 9:53,DELIVERED
900182,100165,5/10/2026 18:18,DELIVERED
900183,100942,5/31/2025 22:33,SHIPPED
900184,100162,4/25/2026 13:24,SHIPPED
900185,100128,1/9/2025 10:18,DELIVERED
900186,100574,4/21/2025 13:58,DELIVERED
900187,100745,11/28/2025 4:18,DELIVERED
900188,100775,10/11/2024,CANCELLED
900189,100793,6/29/2026 20:51,DELIVERED
900190,100344,4/9/2026 14:40,PLACED
900191,100855,28-03-2026,RETURNED
900192,100039,6/8/2025 16:25,SHIPPED
900193,100085,2/27/2025 22:07,DELIVERED
900194,100081,12/4/2024 17:15,DELIVERED
900195,100960,4/16/2025 14:46,DELIVERED
900196,100443,1/31/2026 6:17,CANCELLED
900197,100440,9/23/2024 1:16,DELIVERED
900198,100868,12/6/2024 18:41,DELIVERED
900199,100810,3/20/2025 10:05,DELIVERED
900200,100105,3/9/2025 7:27,DELIVERED
900201,100415,10/6/2025 16:05,DELIVERED
900202,100678,3/16/2026 22:25,SHIPPED
900203,100719,8/29/2024 6:29,DELIVERED
900204,100090,9/10/2024 13:40,SHIPPED
900205,100255,1/29/2026 18:12,DELIVERED
900206,100411,11/2/2025 12:38,DELIVERED
900207,100087,2/20/2025 2:11,DELIVERED
900208,100943,1/15/2025 8:28,DELIVERED
900209,100260,8/9/2024 13:16,DELIVERED
900210,100829,6/23/2025 20:22,PLACED
900211,100914,3/10/2026 12:25,SHIPPED
900212,100131,8/18/2024 0:18,PLACED
900213,101000,1/8/2025 16:48,DELIVERED
900214,100077,9/10/2024 4:11,DELIVERED
900215,100597,9/6/2025 13:22,SHIPPED
900216,100850,8/21/2024 12:45,DELIVERED
900217,100449,2/8/2025 8:09,PLACED
900218,100744,1/19/2025 5:01,SHIPPED
900219,100675,5/18/2026 2:03,DELIVERED
900220,100390,5/21/2026 23:18,SHIPPED
900221,100896,3/23/2025 19:01,CANCELLED
900222,100326,8/7/2025 6:06,DELIVERED
900223,100957,11/13/2024 0:09,RETURNED
900224,100971,4/3/2025 0:35,DELIVERED
900225,100210,12/27/2025 16:43,DELIVERED
900226,100523,4/3/2025 19:58,RETURNED
900227,100676,11/5/2024 15:07,DELIVERED
900228,100681,11/3/2025 15:28,PLACED
900229,100122,4/5/2026 11:31,DELIVERED
900230,100530,5/2/2026 9:11,DELIVERED
900231,100556,11/5/2024 8:00,SHIPPED
900232,100726,13-01-2026,SHIPPED
900233,100699,5/19/2026 4:41,DELIVERED
900234,100314,7/29/2024 4:22,PLACED
900235,100670,10/24/2025 0:01,SHIPPED
900236,100671,4/15/2026 20:41,SHIPPED
900237,100018,1/15/2026 7:11,PLACED
900238,100034,3/22/2026 9:38,DELIVERED
900239,100890,12/30/2024 3:45,DELIVERED
900240,100346,4/20/2026 10:14,DELIVERED
900241,100191,1/15/2025 6:15,DELIVERED
900242,100499,12/7/2024,SHIPPED
900243,100431,9/17/2024 23:05,DELIVERED
900244,100322,4/8/2025 21:28,DELIVERED
900245,100361,4/3/2025 0:04,CANCELLED
900246,100340,29-01-2025,SHIPPED
900247,100435,6/17/2025 10:02,DELIVERED
900248,100123,6/28/2025 6:12,SHIPPED
900249,100610,9/25/2024 11:13,RETURNED
900250,100191,8/16/2025 20:04,PLACED
900251,100780,7/1/2025 17:06,SHIPPED
900252,,4/28/2025 19:44,SHIPPED
900253,100587,6/26/2025 10:58,SHIPPED
900254,100876,5/12/2026 11:55,SHIPPED
900255,100791,5/2/2026 19:50,DELIVERED
900256,,5/14/2025 6:16,DELIVERED
900257,100523,8/20/2024 13:15,SHIPPED
900258,100427,11/23/2024 13:41,PLACED
900259,100340,1/17/2025 13:48,SHIPPED
900260,100250,5/27/2025 11:24,SHIPPED
900261,100533,12/28/2024 20:17,DELIVERED
900262,100795,3/11/2025 12:05,DELIVERED
900263,,8/18/2024 1:13,DELIVERED
900264,100180,7/14/2025 5:54,DELIVERED
900265,100397,6/25/2025 17:31,RETURNED
900266,100777,12/11/2024 21:19,DELIVERED
900267,100094,9/26/2025 15:06,CANCELLED
900268,100070,7/7/2026 14:35,PLACED
900269,100443,5/16/2026 9:22,DELIVERED
900270,100357,4/8/2025 0:33,RETURNED
900271,100523,8/19/2024 23:00,SHIPPED
900272,100555,5/18/2025 15:54,CANCELLED
900273,100344,8/17/2024 2:05,DELIVERED
900274,100780,7/23/2025 4:18,RETURNED
900275,100118,7/15/2025 2:24,RETURNED
900276,100141,2/23/2025 5:35,DELIVERED
900277,100428,19-09-2024,CANCELLED
900278,100004,6/20/2025 21:31,DELIVERED
900279,100458,6/14/2025 9:59,SHIPPED
900280,100722,5/29/2026 8:58,DELIVERED
900281,100752,1/31/2026 16:09,DELIVERED
900282,100329,10/11/2024 10:19,DELIVERED
900283,100484,2/16/2026 12:07,DELIVERED
900284,100179,10/11/2025 3:11,SHIPPED
900285,100140,9/16/2024 17:44,DELIVERED
900286,100891,1/28/2025 4:42,DELIVERED
900287,100495,2/3/2026 14:29,SHIPPED
900288,100309,8/25/2024 23:33,DELIVERED
900289,100799,12/3/2025 1:48,DELIVERED
900290,100761,6/19/2025 3:53,DELIVERED
900291,100373,1/11/2025 4:04,DELIVERED
900292,100061,7/14/2025 9:48,SHIPPED
900293,100034,10/8/2025 14:43,DELIVERED
900294,100152,2/20/2026 0:33,DELIVERED
900295,100848,4/27/2026 13:58,PLACED
900296,100236,10/20/2025 7:29,DELIVERED
900297,100546,11/20/2025 23:30,SHIPPED
900298,100650,7/30/2024 17:41,PLACED
900299,100068,10/23/2025 20:47,PLACED
900300,100052,1/22/2026 13:04,SHIPPED
900301,100943,11/4/2025 13:41,PLACED
900302,100985,10/16/2024 22:58,DELIVERED
900303,100949,30-03-2025,PLACED
900304,100316,4/16/2025 3:48,CANCELLED
900305,100628,4/16/2026 2:50,CANCELLED
900306,100556,2/27/2025 10:07,DELIVERED
900307,100202,8/6/2024 16:49,SHIPPED
900308,100977,3/25/2026 14:50,SHIPPED
900309,100406,29-10-2025,PLACED
900310,100810,10/25/2025 14:40,DELIVERED
900311,100028,11/30/2025 8:48,DELIVERED
900312,100725,7/18/2024 15:16,SHIPPED
900313,100750,6/7/2025 2:46,RETURNED
900314,100783,12/17/2025 21:42,CANCELLED
900315,100519,5/31/2025 11:10,RETURNED
900316,100255,3/20/2026 4:13,DELIVERED
900317,100283,1/31/2025 12:20,SHIPPED
900318,100608,6/19/2026 18:02,SHIPPED
900319,100002,3/12/2026 6:26,DELIVERED
900320,100142,2/14/2025 14:12,DELIVERED
900321,100129,2/21/2025 14:11,SHIPPED
900322,100098,11/29/2024 19:52,DELIVERED
900323,100448,8/24/2024 13:59,DELIVERED
900324,100869,7/25/2024 11:35,DELIVERED
900325,100153,11/4/2024 20:45,DELIVERED
900326,100285,3/27/2025 2:47,SHIPPED
900327,100195,6/25/2025 21:47,DELIVERED
900328,100662,8/24/2024 6:50,DELIVERED
900329,,4/6/2025 4:35,SHIPPED
900330,,3/22/2026 11:56,DELIVERED
900331,100223,12/31/2025 12:29,RETURNED
900332,100609,11/10/2025 12:24,DELIVERED
900333,100381,12/9/2024 6:16,DELIVERED
900334,100162,4/30/2026 0:32,SHIPPED
900335,100751,11/24/2024 17:58,PLACED
900336,100920,6/15/2025 20:23,SHIPPED
900337,100259,2/18/2025 13:40,SHIPPED
900338,100001,1/31/2026 3:34,DELIVERED
900339,100808,1/21/2025 3:32,DELIVERED
900340,100885,19-06-2026,DELIVERED
900341,100714,1/10/2026 7:02,PLACED
900342,100360,30-07-2024,DELIVERED
900343,100954,11/13/2024 20:50,SHIPPED
900344,100634,5/4/2025 22:21,DELIVERED
900345,100448,12/7/2025 1:28,DELIVERED
900346,100282,8/26/2025 13:02,DELIVERED
900347,100418,1/20/2026 16:39,PLACED
900348,100976,12/28/2024 8:56,SHIPPED
900349,100886,3/10/2026 13:59,DELIVERED
900350,100442,10/28/2024 6:55,PLACED
900351,100648,2/20/2026 3:39,SHIPPED
900352,100896,9/23/2025 8:20,DELIVERED
900353,100210,6/19/2025 5:27,DELIVERED
900354,,8/11/2025 9:43,DELIVERED
900355,100533,4/15/2025 13:38,DELIVERED
900356,100687,1/13/2025 21:51,PLACED
900357,100815,8/21/2025 19:22,DELIVERED
900358,100749,1/23/2025 6:34,RETURNED
900359,100798,5/7/2025 2:25,DELIVERED
900360,100405,5/3/2026 4:59,DELIVERED
900361,100121,7/6/2026 13:40,DELIVERED
900362,100393,10/14/2024 0:12,CANCELLED
900363,100205,2/26/2025 20:17,DELIVERED
900364,100403,1/8/2026 11:00,DELIVERED
900365,100601,6/11/2024,DELIVERED
900366,100208,5/12/2025 1:57,DELIVERED
900367,100371,9/3/2024 19:19,DELIVERED
900368,100962,2/25/2026 18:16,DELIVERED
900369,100018,2/4/2026 7:02,PLACED
900370,100938,1/8/2025 3:26,CANCELLED
900371,100782,8/27/2025 16:47,CANCELLED
900372,100309,12/17/2024 1:43,DELIVERED
900373,100373,10/25/2024 7:57,DELIVERED
900374,,1/2/2026 0:38,SHIPPED
900375,100093,6/14/2026 3:05,DELIVERED
900376,100297,12/9/2025 8:23,DELIVERED
900377,100247,9/14/2024 11:35,RETURNED
900378,101000,5/21/2025 9:13,RETURNED
900379,100612,2/25/2026 21:41,SHIPPED
900380,100586,6/13/2026 22:03,DELIVERED
900381,100285,4/28/2026 12:43,SHIPPED
900382,100022,8/27/2024 17:25,DELIVERED
900383,100282,1/8/2026 14:15,DELIVERED
900384,100529,11/12/2024 3:55,SHIPPED
900385,100521,10/16/2024 6:43,SHIPPED
900386,100254,8/29/2024 18:39,CANCELLED
900387,100613,4/8/2025 11:33,RETURNED
900388,100264,2/11/2025 13:08,CANCELLED
900389,100139,11/3/2025 14:35,DELIVERED
900390,100572,4/12/2025,SHIPPED
900391,100370,9/6/2025 3:10,DELIVERED
900392,100474,5/29/2025 4:43,DELIVERED
900393,100821,7/7/2025 3:29,DELIVERED
900394,100704,7/29/2025 15:51,CANCELLED
900395,100402,11/15/2025 19:03,DELIVERED
900396,100713,4/3/2025 3:51,RETURNED
900397,100675,7/23/2025 10:30,DELIVERED
900398,100973,8/19/2025 0:52,DELIVERED
900399,100570,5/21/2025 16:28,DELIVERED
900400,100761,9/12/2025 18:46,DELIVERED
900401,100369,1/8/2025 6:25,SHIPPED
900402,100487,4/12/2025 5:46,DELIVERED
900403,100912,3/27/2026 0:14,DELIVERED
900404,100175,6/5/2026 23:15,CANCELLED
900405,100490,10/20/2025 5:57,SHIPPED
900406,100735,5/4/2025 4:33,RETURNED
900407,100994,6/5/2026 18:16,DELIVERED
900408,100405,1/11/2025 6:07,RETURNED
900409,100478,27-02-2026,CANCELLED
900410,100001,12/1/2025 7:09,RETURNED
900411,100247,17-08-2024,PLACED
900412,100596,11/17/2025 16:06,PLACED
900413,100219,12/9/2024 7:23,DELIVERED
900414,100908,3/3/2025 21:09,DELIVERED
900415,100644,5/10/2026 7:58,DELIVERED
900416,100563,5/28/2025 4:34,DELIVERED
900417,100474,3/12/2025 14:06,DELIVERED
900418,100726,1/13/2026 22:29,DELIVERED
900419,100344,6/5/2026 12:33,CANCELLED
900420,100581,4/18/2026 3:45,PLACED
900421,100520,6/12/2025 5:51,DELIVERED
900422,100954,3/1/2025 1:42,SHIPPED
900423,100441,6/16/2026 15:53,DELIVERED
900424,100778,6/21/2026 18:20,CANCELLED
900425,100180,9/10/2024 4:17,SHIPPED
900426,100914,6/16/2026 11:19,SHIPPED
900427,100684,8/7/2025 12:26,RETURNED
900428,100457,4/26/2025 3:50,PLACED
900429,100834,10/13/2024 0:49,SHIPPED
900430,100464,4/1/2026,CANCELLED
900431,100517,4/4/2025 1:38,DELIVERED
900432,100799,12/6/2025 13:00,DELIVERED
900433,100646,4/10/2025 20:22,DELIVERED
900434,100518,3/7/2025,PLACED
900435,100442,3/30/2025 18:13,DELIVERED
900436,,7/5/2026 23:33,PLACED
900437,100857,10/17/2025 13:28,DELIVERED
900438,100102,4/10/2026 5:34,DELIVERED
900439,,9/27/2024 19:36,SHIPPED
900440,100068,7/14/2025 15:53,DELIVERED
900441,100101,4/14/2026 8:33,SHIPPED
900442,100820,9/30/2025 3:57,PLACED
900443,100481,10/22/2025 8:39,RETURNED
900444,100047,6/15/2025 5:10,DELIVERED
900445,100685,6/3/2025 22:17,DELIVERED
900446,100254,3/6/2025 17:57,DELIVERED
900447,100644,8/7/2025 19:08,DELIVERED
900448,100557,3/16/2025 7:02,DELIVERED
900449,100909,1/12/2026 5:06,RETURNED
900450,,2/21/2025 22:25,DELIVERED
900451,100992,2/19/2026 21:22,DELIVERED
900452,100925,11/25/2025 12:15,DELIVERED
900453,100015,11/13/2025 8:02,DELIVERED
900454,100784,1/28/2026 17:37,PLACED
900455,100820,4/21/2025 0:46,DELIVERED
900456,100764,9/30/2024 18:32,DELIVERED
900457,100334,10/9/2025 22:27,SHIPPED
900458,100839,2/5/2025 15:19,SHIPPED
900459,100395,8/13/2025 3:15,SHIPPED
900460,100865,12/3/2024 5:39,DELIVERED
900461,100020,1/4/2025 18:41,DELIVERED
900462,100126,9/12/2025 18:33,DELIVERED
900463,100561,1/19/2026 21:49,DELIVERED
900464,100073,4/2/2025 21:44,SHIPPED
900465,100718,20-03-2026,CANCELLED
900466,100471,10/24/2025 1:57,SHIPPED
900467,100841,11/3/2024 13:38,CANCELLED
900468,100315,8/23/2024 11:40,PLACED
900469,100846,6/4/2025 12:20,CANCELLED
900470,100449,11/5/2025 14:44,DELIVERED
900471,100336,1/18/2026 7:43,SHIPPED
900472,100724,8/9/2024 12:50,DELIVERED
900473,100581,4/23/2026 12:06,DELIVERED
900474,100188,9/15/2025 5:07,CANCELLED
900475,100249,5/4/2025 8:21,PLACED
900476,100207,8/20/2025 18:01,DELIVERED
900477,100101,7/28/2024 10:17,CANCELLED
900478,100826,2/10/2026 9:57,SHIPPED
900479,100358,3/10/2026 16:19,SHIPPED
900480,100956,9/7/2024 20:42,PLACED
900481,100086,1/5/2025 0:48,DELIVERED
900482,100967,11/11/2024 0:05,DELIVERED
900483,,11/11/2024 16:43,SHIPPED
900484,100732,4/26/2026 1:57,DELIVERED
900485,100872,1/31/2026 20:18,DELIVERED
900486,100289,12/26/2024 20:40,SHIPPED
900487,100456,7/24/2024 16:35,CANCELLED
900488,100493,9/5/2024 10:43,DELIVERED
900489,100122,9/9/2024 20:13,DELIVERED
900490,100263,11/29/2024 2:03,DELIVERED
900491,100718,6/15/2025 10:23,SHIPPED
900492,100007,8/29/2024 18:46,DELIVERED
900493,100914,3/19/2025 2:13,DELIVERED
900494,100741,2/5/2025 8:00,CANCELLED
900495,100316,1/4/2026 6:02,SHIPPED
900496,100851,4/7/2026 4:44,CANCELLED
900497,100949,3/7/2025 11:06,DELIVERED
900498,100178,5/15/2026 12:27,DELIVERED
900499,100424,1/16/2025 0:56,DELIVERED
900500,100550,1/17/2025 4:28,DELIVERED
900501,100219,8/22/2024 12:23,PLACED
900502,100746,8/14/2024 10:14,DELIVERED
900503,100092,6/18/2026 8:50,RETURNED
900504,100208,10/11/2024 10:53,DELIVERED
900505,100968,4/2/2026 8:07,DELIVERED
900506,100232,3/4/2025 6:38,DELIVERED
900507,100458,7/8/2025 17:27,RETURNED
900508,100585,10/18/2024 5:56,SHIPPED
900509,100606,9/22/2025 6:30,RETURNED
900510,100395,6/30/2026 1:31,DELIVERED
900511,100512,2/15/2026 8:30,SHIPPED
900512,100163,1/6/2026 23:47,SHIPPED
900513,100221,3/12/2026 0:39,DELIVERED
900514,100551,5/12/2025 1:30,PLACED
900515,100177,2/7/2025 19:10,DELIVERED
900516,100942,7/19/2024 8:20,DELIVERED
900517,100146,2/19/2025 15:48,DELIVERED
900518,100045,8/28/2024 21:50,DELIVERED
900519,100413,6/17/2025 7:40,SHIPPED
900520,100239,8/24/2024 3:34,DELIVERED
900521,100781,10/26/2024 10:01,DELIVERED
900522,100827,2/7/2026 3:07,DELIVERED
900523,100781,6/2/2025 11:57,SHIPPED
900524,100689,6/14/2025 9:14,SHIPPED
900525,100569,2/22/2026 6:51,SHIPPED
900526,100014,4/10/2025,DELIVERED
900527,100648,3/1/2026 17:48,DELIVERED
900528,100722,6/16/2025 21:49,SHIPPED
900529,100575,5/21/2025 7:19,DELIVERED
900530,100943,7/16/2024 19:21,RETURNED
900531,,5/20/2026 4:06,PLACED
900532,100398,12/11/2024 19:57,DELIVERED
900533,100446,3/12/2026 18:21,DELIVERED
900534,100502,6/6/2025 6:16,DELIVERED
900535,100335,1/6/2026 16:15,PLACED
900536,100682,7/8/2025 9:27,SHIPPED
900537,100821,7/23/2025 9:36,DELIVERED
900538,100548,3/6/2025 14:37,SHIPPED
900539,100319,8/17/2024 21:34,PLACED
900540,100938,12/21/2024 7:52,DELIVERED
900541,100750,7/24/2024 8:57,DELIVERED
900542,100987,7/16/2025 18:53,SHIPPED
900543,100277,12/8/2024 16:08,DELIVERED
900544,100784,12/13/2025 14:18,DELIVERED
900545,100262,6/4/2025 0:22,RETURNED
900546,100228,11/24/2024 16:48,DELIVERED
900547,100441,11/18/2024 13:40,DELIVERED
900548,100663,6/27/2026 15:16,PLACED
900549,100279,7/4/2026 6:41,DELIVERED
900550,100351,4/24/2026 14:05,SHIPPED
900551,100593,10/11/2024 1:29,DELIVERED
900552,100530,8/21/2024 12:09,DELIVERED
900553,100941,6/10/2025 8:42,SHIPPED
900554,100511,3/11/2025 18:03,SHIPPED
900555,100623,12/3/2025 12:46,SHIPPED
900556,100253,16-11-2025,DELIVERED
900557,100549,12/1/2025 23:11,DELIVERED
900558,100383,2/15/2026 6:57,SHIPPED
900559,100436,4/22/2025 20:25,DELIVERED
900560,,7/24/2025 4:14,PLACED
900561,100498,2/16/2025 0:11,DELIVERED
900562,100814,1/24/2026 1:15,DELIVERED
900563,100386,2/22/2025 16:04,SHIPPED
900564,100482,2/6/2025 13:40,DELIVERED
900565,100213,3/1/2025 15:07,DELIVERED
900566,100913,12/26/2024 20:20,SHIPPED
900567,100995,11/12/2024 5:50,DELIVERED
900568,100768,10/9/2025 23:51,DELIVERED
900569,100154,1/2/2025 7:05,DELIVERED
900570,100326,7/29/2024 6:46,PLACED
900571,100554,26-02-2025,RETURNED
900572,100823,1/31/2026 15:20,SHIPPED
900573,100835,12/13/2025 22:51,PLACED
900574,100082,4/3/2026 15:39,DELIVERED
900575,100193,11/20/2025 3:26,RETURNED
900576,100085,6/20/2025 5:51,DELIVERED
900577,,2/19/2025 5:06,DELIVERED
900578,100964,8/30/2024 22:38,DELIVERED
900579,100030,10/31/2025 13:20,DELIVERED
900580,100278,10/5/2025 19:57,RETURNED
900581,100215,5/22/2025 15:24,PLACED
900582,100691,8/24/2024 22:22,SHIPPED
900583,100970,2/14/2026 3:54,DELIVERED
900584,100519,7/17/2025 8:15,SHIPPED
900585,100862,5/31/2025 15:29,CANCELLED
900586,100140,3/21/2026 18:49,DELIVERED
900587,100525,5/23/2026 10:28,CANCELLED
900588,100954,5/8/2025 19:58,SHIPPED
900589,100471,12/4/2025 7:28,DELIVERED
900590,100872,8/1/2025 23:52,DELIVERED
900591,100221,1/27/2026 19:08,PLACED
900592,100234,12/18/2025 13:57,DELIVERED
900593,,2/22/2025 1:36,DELIVERED
900594,100715,8/13/2024 11:53,SHIPPED
900595,100769,1/20/2026 1:11,SHIPPED
900596,100610,9/9/2024 9:10,DELIVERED
900597,,5/12/2026 0:59,SHIPPED
900598,100927,10/12/2024 9:25,SHIPPED
900599,100742,3/26/2026 2:29,DELIVERED
900600,100967,5/27/2026 8:12,DELIVERED
900601,100664,18-08-2025,SHIPPED
900602,,8/22/2024 8:47,DELIVERED
900603,100338,11/18/2025 21:27,DELIVERED
900604,100575,8/1/2024 20:38,DELIVERED
900605,100268,10/30/2025 14:02,RETURNED
900606,100018,3/21/2026 21:06,SHIPPED
900607,100180,11/1/2025 16:54,DELIVERED
900608,100016,3/13/2025 3:34,PLACED
900609,100892,7/21/2025 21:50,DELIVERED
900610,100915,10/20/2024 23:55,DELIVERED
900611,100846,11/28/2025 16:09,DELIVERED
900612,100397,12/12/2025 3:11,SHIPPED
900613,100809,12/26/2025 19:55,SHIPPED
900614,100723,7/30/2024 11:53,DELIVERED
900615,100062,5/2/2026 19:17,SHIPPED
900616,100456,11/8/2025 20:40,DELIVERED
900617,100955,7/29/2025 9:01,SHIPPED
900618,100009,11/30/2025 15:40,SHIPPED
900619,100748,2/23/2025 0:56,DELIVERED
900620,100223,2/25/2026 3:00,DELIVERED
900621,100833,9/21/2025 4:01,DELIVERED
900622,100991,4/30/2025 0:44,RETURNED
900623,100621,29-12-2024,SHIPPED
900624,100180,4/15/2025 19:19,DELIVERED
900625,,2/16/2026 15:14,DELIVERED
900626,100314,12/6/2025 7:29,SHIPPED
900627,100274,3/28/2025 22:47,DELIVERED
900628,100802,4/19/2026 3:26,SHIPPED
900629,100218,6/6/2025 19:42,SHIPPED
900630,100135,8/14/2025 9:01,DELIVERED
900631,100839,9/12/2024 4:14,DELIVERED
900632,100406,5/27/2026 0:17,DELIVERED
900633,,5/24/2026 16:35,DELIVERED
900634,100939,12/15/2025 6:51,DELIVERED
900635,100279,4/15/2025 16:36,SHIPPED
900636,100716,12/19/2024 15:15,DELIVERED
900637,100141,11/19/2024 7:25,DELIVERED
900638,100557,2/19/2026 12:40,DELIVERED
900639,100191,1/12/2026 11:05,SHIPPED
900640,100843,4/20/2025 10:16,DELIVERED
900641,100299,12/1/2024 15:52,DELIVERED
900642,100714,2/2/2026 9:02,DELIVERED
900643,100670,1/5/2026 7:55,DELIVERED
900644,,5/6/2026 23:11,CANCELLED
900645,100645,6/30/2025 21:37,DELIVERED
900646,100558,4/1/2026 20:04,DELIVERED
900647,,7/16/2025 23:18,SHIPPED
900648,100121,2/13/2026 3:58,DELIVERED
900649,100567,7/27/2024 9:44,SHIPPED
900650,100826,7/16/2025 19:24,DELIVERED
900651,100332,2/21/2026 22:03,SHIPPED
900652,100798,27-11-2025,DELIVERED
900653,100192,6/20/2026 7:40,DELIVERED
900654,100641,9/29/2025 17:03,DELIVERED
900655,100523,2/21/2025 3:58,DELIVERED
900656,100567,12/22/2025 0:02,SHIPPED
900657,100488,3/19/2026 3:14,RETURNED
900658,100595,11/17/2025 20:10,PLACED
900659,100019,11/1/2025 1:32,DELIVERED
900660,,8/17/2024 9:18,SHIPPED
900661,100840,7/7/2024 6:55,DELIVERED
900662,100703,12/23/2024 11:09,CANCELLED
900663,100556,3/15/2025 8:18,DELIVERED
900664,100169,2/2/2026 10:09,SHIPPED
900665,100139,1/8/2025 23:41,DELIVERED
900666,100820,8/4/2024 22:53,DELIVERED
900667,100468,8/3/2024 14:40,CANCELLED
900668,100549,7/5/2026 22:12,DELIVERED
900669,100582,12/20/2024 16:40,PLACED
900670,100330,2/24/2025 8:10,PLACED
900671,100185,4/11/2026 20:47,DELIVERED
900672,100903,5/31/2026 20:56,PLACED
900673,100281,2/12/2025 11:48,DELIVERED
900674,100158,10/1/2025 12:20,DELIVERED
900675,100045,4/21/2025 7:29,DELIVERED
900676,100764,1/30/2025 15:04,PLACED
900677,100544,5/26/2026 20:49,CANCELLED
900678,100569,7/16/2024 9:35,DELIVERED
900679,100073,11/12/2025 20:26,DELIVERED
900680,100200,1/10/2026 15:46,DELIVERED
900681,,1/20/2026 11:28,SHIPPED
900682,100185,8/25/2025 8:45,DELIVERED
900683,100942,5/4/2026 6:18,DELIVERED
900684,100453,2/23/2026 23:24,DELIVERED
900685,100954,10/20/2025 18:50,SHIPPED
900686,100773,8/14/2024 8:17,SHIPPED
900687,100789,4/17/2026 23:16,CANCELLED
900688,100778,11/9/2024 10:10,DELIVERED
900689,100285,25-10-2024,DELIVERED
900690,100324,2/16/2025 7:18,DELIVERED
900691,100818,10/7/2025,DELIVERED
900692,100639,3/2/2025 6:33,DELIVERED
900693,100542,5/22/2025 10:00,DELIVERED
900694,100994,2/16/2025 12:58,DELIVERED
900695,100153,29-12-2024,DELIVERED
900696,100408,12/10/2025 5:15,RETURNED
900697,100047,11/9/2025 6:16,DELIVERED
900698,100410,8/16/2024 6:27,SHIPPED
900699,100081,4/22/2026 15:05,DELIVERED
900700,100955,11/10/2024 7:48,DELIVERED
900701,100356,2/25/2025 17:50,DELIVERED
900702,100223,1/23/2026 21:02,PLACED
900703,100354,3/25/2026 8:26,DELIVERED
900704,100683,6/4/2026 13:33,RETURNED
900705,100228,4/6/2026 0:20,DELIVERED
900706,100016,8/7/2025 13:24,DELIVERED
900707,100575,5/3/2026 17:26,DELIVERED
900708,100588,2/6/2026 21:43,DELIVERED
900709,100476,3/14/2026 17:36,DELIVERED
900710,100971,6/22/2026 11:24,SHIPPED
900711,100901,29-05-2026,DELIVERED
900712,100889,6/15/2025 16:29,SHIPPED
900713,100617,6/9/2025 12:45,PLACED
900714,100358,1/5/2026 6:16,DELIVERED
900715,100906,3/10/2026 21:03,CANCELLED
900716,100313,12/22/2025 1:04,DELIVERED
900717,,3/27/2025 20:00,CANCELLED
900718,100751,8/22/2024 23:10,SHIPPED
900719,100003,10/1/2024 15:40,RETURNED
900720,100980,4/15/2026 20:34,DELIVERED
900721,100547,4/27/2026 20:31,DELIVERED
900722,100592,7/25/2024 21:11,DELIVERED
900723,100590,4/3/2025 12:00,DELIVERED
900724,,9/29/2025 11:46,RETURNED
900725,100377,5/7/2025,PLACED
900726,100542,8/14/2024 13:57,PLACED
900727,100074,3/27/2026 8:19,SHIPPED
900728,100982,10/17/2025 18:19,RETURNED
900729,100470,2/19/2025 11:37,SHIPPED
900730,100733,6/20/2025 9:13,SHIPPED
900731,100840,4/9/2025 9:43,DELIVERED
900732,100419,10/16/2025 17:03,DELIVERED
900733,100087,4/16/2026 3:57,PLACED
900734,100589,9/1/2025 11:38,DELIVERED
900735,100352,2/24/2025 21:04,DELIVERED
900736,100440,3/16/2025 4:33,DELIVERED
900737,100558,3/11/2026 23:47,SHIPPED
900738,100883,12/29/2025 1:52,DELIVERED
900739,100773,21-03-2025,DELIVERED
900740,100062,5/6/2026 6:05,SHIPPED
900741,100462,9/18/2025 9:43,PLACED
900742,100111,7/6/2026 1:19,PLACED
900743,100116,4/22/2026 17:12,DELIVERED
900744,100167,8/26/2024 4:45,DELIVERED
900745,100390,5/29/2025 2:17,SHIPPED
900746,100643,7/15/2024 19:47,DELIVERED
900747,100076,6/5/2026 8:50,DELIVERED
900748,100132,12/20/2024 2:06,DELIVERED
900749,100484,12/6/2024 10:47,SHIPPED
900750,100509,8/7/2025 16:23,DELIVERED
900751,100918,5/15/2026 19:10,CANCELLED
900752,100382,10/31/2025 10:28,DELIVERED
900753,100254,3/29/2026 18:10,DELIVERED
900754,100516,10/28/2025 12:20,DELIVERED
900755,100888,8/26/2025 9:13,SHIPPED
900756,100340,6/9/2025 8:12,DELIVERED
900757,100763,8/27/2025 0:22,RETURNED
900758,100480,24-07-2024,PLACED
900759,,10/10/2024 21:18,PLACED
900760,100648,7/6/2026 18:02,DELIVERED
900761,100334,11/18/2024 11:19,DELIVERED
900762,100555,2/4/2025 18:25,SHIPPED
900763,100965,7/18/2025 13:02,DELIVERED
900764,100513,1/2/2026 9:49,DELIVERED
900765,,9/19/2024 9:13,RETURNED
900766,,2/7/2026 3:14,RETURNED
900767,100765,9/21/2025 6:06,RETURNED
900768,100940,8/18/2024 9:51,DELIVERED
900769,100602,1/4/2025,DELIVERED
900770,100646,5/26/2026 9:59,DELIVERED
900771,100885,12/27/2025 23:24,PLACED
900772,100358,30-10-2024,DELIVERED
900773,100453,10/15/2025 11:28,PLACED
900774,100115,9/1/2024 10:44,DELIVERED
900775,100094,5/7/2025 16:14,SHIPPED
900776,,3/3/2025 6:13,DELIVERED
900777,100529,7/1/2026 13:34,DELIVERED
900778,100703,7/18/2025 19:04,PLACED
900779,100425,6/17/2026 14:06,RETURNED
900780,100170,7/1/2025 1:36,DELIVERED
900781,100987,7/1/2026,SHIPPED
900782,100179,7/15/2024 2:50,DELIVERED
900783,100062,4/4/2026 15:33,DELIVERED
900784,100845,9/22/2025 1:01,DELIVERED
900785,100786,4/9/2025 7:40,RETURNED
900786,100462,3/6/2026 17:20,CANCELLED
900787,100869,4/25/2026 15:34,DELIVERED
900788,100955,11/4/2024 1:10,PLACED
900789,100319,7/20/2024 0:29,DELIVERED
900790,100090,10/24/2025 11:24,DELIVERED
900791,100740,4/10/2026 6:17,CANCELLED
900792,100636,9/27/2024 14:26,DELIVERED
900793,100153,8/26/2025 22:03,DELIVERED
900794,100177,8/15/2024 5:20,RETURNED
900795,100877,8/16/2024 16:31,DELIVERED
900796,100932,7/11/2025 0:41,DELIVERED
900797,100810,4/26/2026 15:03,DELIVERED
900798,,3/20/2026 23:01,DELIVERED
900799,100115,12/11/2025 0:38,DELIVERED
900800,100866,9/12/2025,DELIVERED
900801,,12/11/2024 7:59,DELIVERED
900802,100003,6/9/2025 23:28,DELIVERED
900803,100139,10/28/2024 0:24,DELIVERED
900804,100020,12/10/2024 1:43,DELIVERED
900805,100679,27-10-2024,SHIPPED
900806,100469,5/23/2025 8:18,DELIVERED
900807,100140,7/29/2024 10:07,DELIVERED
900808,100121,14-10-2024,SHIPPED
900809,100195,11/21/2025 10:59,DELIVERED
900810,100071,9/21/2025 12:35,SHIPPED
900811,100866,12/24/2024 23:22,PLACED
900812,100176,12/12/2024 7:15,SHIPPED
900813,100993,10/9/2025 7:02,DELIVERED
900814,100959,8/15/2024 18:21,DELIVERED
900815,100427,1/23/2026 10:56,DELIVERED
900816,100816,2/13/2026 13:08,SHIPPED
900817,100154,4/27/2026 23:56,DELIVERED
900818,100875,11/5/2024 1:04,RETURNED
900819,100976,1/30/2026 0:17,SHIPPED
900820,100079,8/4/2025 14:44,DELIVERED
900821,100678,12/23/2024 17:38,SHIPPED
900822,100543,27-02-2026,DELIVERED
900823,100982,12/23/2024 18:54,PLACED
900824,100247,11/11/2024 22:50,DELIVERED
900825,100384,4/5/2026 10:56,DELIVERED
900826,100554,6/20/2026 4:04,DELIVERED
900827,100698,12/16/2025 6:25,DELIVERED
900828,100983,25-09-2024,SHIPPED
900829,100169,6/9/2025 22:34,DELIVERED
900830,100801,9/14/2025 5:37,DELIVERED
900831,100806,12/11/2024 20:48,DELIVERED
900832,100993,3/9/2026 21:54,DELIVERED
900833,100686,5/13/2025 5:25,DELIVERED
900834,,7/15/2025 9:19,DELIVERED
900835,100168,6/28/2025 23:15,DELIVERED
900836,100496,7/8/2024 11:14,CANCELLED
900837,100994,4/3/2026 4:13,DELIVERED
900838,100398,4/2/2026 15:55,DELIVERED
900839,100089,4/23/2026 22:36,SHIPPED
900840,100328,8/19/2025 18:38,DELIVERED
900841,100841,6/5/2025,SHIPPED
900842,100378,2/25/2025 21:47,DELIVERED
900843,100578,11/9/2024 13:12,DELIVERED
900844,100658,12/12/2024 7:30,DELIVERED
900845,100707,7/8/2025,RETURNED
900846,100597,5/1/2025 10:11,CANCELLED
900847,100427,12/16/2025 8:52,SHIPPED
900848,100378,7/5/2026 3:22,DELIVERED
900849,100497,12/20/2024 12:22,DELIVERED
900850,100119,4/3/2026 4:36,DELIVERED
900851,100425,3/24/2025 15:39,DELIVERED
900852,100073,5/21/2025 16:15,CANCELLED
900853,100834,2/18/2025 16:17,PLACED
900854,100378,10/14/2025 1:16,SHIPPED
900855,100052,5/28/2025 15:48,DELIVERED
900856,100510,10/19/2024 7:56,SHIPPED
900857,100480,10/9/2025,DELIVERED
900858,100744,10/6/2024 2:54,DELIVERED
900859,100882,2/8/2025 12:31,SHIPPED
900860,100257,5/8/2025 6:40,SHIPPED
900861,100141,3/12/2026 18:04,CANCELLED
900862,100137,1/19/2026 17:19,SHIPPED
900863,100551,9/12/2025 16:24,SHIPPED
900864,100053,6/17/2025 18:27,RETURNED
900865,100398,1/25/2025 14:40,SHIPPED
900866,100895,7/20/2025 23:07,SHIPPED
900867,100991,6/16/2025 20:43,CANCELLED
900868,100322,7/14/2025 0:12,DELIVERED
900869,100191,7/7/2025 13:39,RETURNED
900870,100791,12/24/2024 8:11,PLACED
900871,100434,3/21/2025 4:04,SHIPPED
900872,100108,4/13/2025 7:13,PLACED
900873,100078,8/27/2024 1:23,RETURNED
900874,100101,9/18/2024 13:42,PLACED
900875,100553,12/25/2025 9:53,DELIVERED
900876,100857,3/9/2025 7:56,DELIVERED
900877,100124,12/4/2025 3:54,DELIVERED
900878,100610,3/13/2026 0:07,RETURNED
900879,100886,10/21/2025 17:23,DELIVERED
900880,100844,6/12/2025 2:06,RETURNED
900881,100122,3/8/2026 20:48,DELIVERED
900882,,8/11/2025 10:34,DELIVERED
900883,100982,6/8/2024,RETURNED
900884,100271,1/31/2026 5:13,CANCELLED
900885,100345,6/20/2025 11:54,DELIVERED
900886,100007,7/13/2025 22:43,SHIPPED
900887,100520,12/9/2025 11:47,SHIPPED
900888,100669,14-11-2025,DELIVERED
900889,100750,6/2/2026 16:04,DELIVERED
900890,100987,2/10/2025,CANCELLED
900891,100463,10/29/2024 11:59,DELIVERED
900892,100592,10/26/2025 18:20,DELIVERED
900893,100054,1/3/2026 13:57,DELIVERED
900894,100731,7/10/2024 1:35,CANCELLED
900895,100547,11/20/2025 16:07,DELIVERED
900896,100645,10/7/2025 20:59,SHIPPED
900897,100030,11/14/2025 8:37,SHIPPED
900898,100512,4/24/2025 12:10,DELIVERED
900899,100309,3/2/2025 18:59,RETURNED
900900,100073,8/28/2025 14:50,DELIVERED
900901,,12/14/2024 16:08,SHIPPED
900902,100270,2/12/2026 8:35,SHIPPED
900903,100806,10/29/2024 10:51,DELIVERED
900904,100120,8/14/2025 8:35,SHIPPED
900905,,10/25/2025 16:01,DELIVERED
900906,100568,1/31/2025 20:50,DELIVERED
900907,,10/14/2024 12:51,PLACED
900908,100970,4/28/2026 20:47,PLACED
900909,100203,6/19/2026 18:35,PLACED
900910,100367,9/30/2025 11:01,DELIVERED
900911,100032,2/16/2026 8:57,DELIVERED
900912,100636,5/25/2025 4:58,PLACED
900913,100856,23-01-2025,SHIPPED
900914,100695,7/23/2025 2:58,DELIVERED
900915,100724,7/21/2024 16:30,RETURNED
900916,100986,8/12/2025 5:29,PLACED
900917,100830,2/5/2026 13:17,DELIVERED
900918,100595,3/1/2025 16:20,PLACED
900919,100571,5/23/2026 8:38,DELIVERED
900920,100964,9/30/2024 2:54,DELIVERED
900921,100340,1/9/2025 3:28,CANCELLED
900922,100918,9/25/2025 14:06,DELIVERED
900923,100787,8/24/2025 3:25,DELIVERED
900924,100388,3/25/2026 7:05,DELIVERED
900925,100721,7/19/2024 10:38,DELIVERED
900926,100748,2/11/2026 14:19,DELIVERED
900927,100679,8/25/2024 6:52,SHIPPED
900928,100941,2/19/2026 4:29,DELIVERED
900929,100162,10/9/2025 4:25,DELIVERED
900930,100781,7/15/2024 23:10,RETURNED
900931,100791,4/19/2026 6:08,SHIPPED
900932,100153,2/2/2025 12:51,DELIVERED
900933,,7/3/2025 19:32,DELIVERED
900934,100681,5/24/2026 8:02,DELIVERED
900935,100483,4/8/2025 18:47,DELIVERED
900936,100582,8/31/2024 12:22,DELIVERED
900937,100132,12/7/2024 9:14,DELIVERED
900938,,12/27/2025 8:42,PLACED
900939,100930,10/17/2024 21:29,DELIVERED
900940,100248,2/19/2025 11:20,DELIVERED
900941,100620,12/14/2024 9:03,DELIVERED
900942,100833,5/22/2025 3:32,DELIVERED
900943,100261,4/10/2024,DELIVERED
900944,100783,6/16/2026 15:28,DELIVERED
900945,100559,4/30/2026 17:06,DELIVERED
900946,100075,9/23/2024 10:40,DELIVERED
900947,100265,10/20/2024 7:58,DELIVERED
900948,100024,8/13/2025 13:51,CANCELLED
900949,100284,6/18/2026 8:30,SHIPPED
900950,100298,1/22/2026 18:54,DELIVERED
900951,100781,10/23/2024 17:25,RETURNED
900952,100887,3/10/2026 23:59,DELIVERED
900953,100071,8/5/2024 7:45,DELIVERED
900954,100436,7/5/2025 3:40,DELIVERED
900955,100374,12/22/2025 17:01,DELIVERED
900956,,5/11/2025 15:05,DELIVERED
900957,100077,10/10/2025 2:06,SHIPPED
900958,100513,12/7/2025 0:38,RETURNED
900959,100651,11/15/2024 7:25,DELIVERED
900960,100531,10/7/2024 11:23,DELIVERED
900961,100846,2/12/2025 14:02,SHIPPED
900962,100193,9/6/2024 15:21,DELIVERED
900963,100645,11/1/2024 9:46,DELIVERED
900964,100071,8/4/2024 16:47,CANCELLED
900965,100298,3/3/2025 15:53,DELIVERED
900966,100475,11/26/2025 11:25,PLACED
900967,100368,11/7/2024 6:18,DELIVERED
900968,100216,6/10/2025 16:20,DELIVERED
900969,100981,9/23/2024 10:42,DELIVERED
900970,100145,11/28/2024 10:28,DELIVERED
900971,100416,3/25/2025 15:42,PLACED
900972,100141,5/25/2026 17:21,DELIVERED
900973,100564,11/28/2024 20:39,SHIPPED
900974,100774,10/3/2024 12:12,DELIVERED
900975,100821,3/25/2026 5:21,SHIPPED
900976,100195,3/1/2025 19:44,DELIVERED
900977,100199,5/1/2025 23:32,PLACED
900978,100374,5/29/2025 2:38,RETURNED
900979,100220,6/25/2025 1:53,DELIVERED
900980,100686,7/25/2024 1:50,DELIVERED
900981,100230,11/11/2025 0:39,DELIVERED
900982,100669,4/25/2026 18:37,DELIVERED
900983,100494,11/5/2024 3:24,SHIPPED
900984,100678,4/20/2026 9:19,SHIPPED
900985,100819,2/6/2026 23:33,SHIPPED
900986,100699,10/7/2025 12:09,DELIVERED
900987,100075,10/28/2025 20:03,DELIVERED
900988,100673,5/28/2025 15:40,DELIVERED
900989,100488,10/4/2025 17:03,DELIVERED
900990,100091,4/29/2026 14:46,PLACED
900991,100319,1/30/2026 7:18,DELIVERED
900992,100215,8/11/2025 0:20,PLACED
900993,100244,4/14/2026 5:49,RETURNED
900994,100968,7/17/2024 6:50,DELIVERED
900995,100197,5/23/2025 21:03,CANCELLED
900996,100635,7/24/2024 0:18,SHIPPED
900997,100684,10/12/2025 20:05,SHIPPED
900998,100892,11/1/2025 11:01,DELIVERED
900999,100848,7/15/2025 17:40,SHIPPED
901000,100215,10/22/2024 22:09,SHIPPED
901001,100059,8/11/2024 8:25,DELIVERED
901002,100838,2/1/2026 16:53,DELIVERED
901003,100199,7/19/2025 12:34,SHIPPED
901004,100033,7/5/2025 1:47,RETURNED
901005,100368,11/22/2025 0:46,DELIVERED
901006,100401,10/29/2024 14:42,PLACED
901007,100565,22-10-2025,CANCELLED
901008,100356,7/7/2025,RETURNED
901009,100674,5/12/2026 6:53,DELIVERED
901010,100566,12/1/2025 18:51,DELIVERED
901011,100878,5/23/2026 21:46,DELIVERED
901012,,16-03-2026,SHIPPED
901013,100628,3/28/2025 14:32,DELIVERED
901014,100181,4/12/2025,RETURNED
901015,100879,11/22/2024 7:13,SHIPPED
901016,100085,4/11/2025 4:00,DELIVERED
901017,100595,11/3/2025 6:52,PLACED
901018,100400,3/8/2025 0:08,DELIVERED
901019,100974,6/22/2025 12:15,DELIVERED
901020,,9/3/2025 22:18,DELIVERED
901021,100569,6/22/2026 10:56,SHIPPED
901022,100993,11/2/2024 0:07,SHIPPED
901023,100016,4/22/2026 0:12,DELIVERED
901024,100466,11/23/2024 14:58,SHIPPED
901025,100859,7/2/2026 22:37,CANCELLED
901026,,8/12/2024,DELIVERED
901027,100863,11/4/2025 8:41,PLACED
901028,100095,9/29/2025 3:50,DELIVERED
901029,100421,7/10/2024 7:55,PLACED
901030,100752,9/3/2025 19:15,DELIVERED
901031,100422,3/2/2025 13:30,DELIVERED
901032,100454,10/19/2025 12:38,DELIVERED
901033,100362,8/20/2025 3:52,DELIVERED
901034,100773,2/12/2026 8:41,CANCELLED
901035,100768,3/10/2025 5:47,SHIPPED
901036,100481,8/30/2025 5:06,DELIVERED
901037,100745,8/10/2025 1:30,DELIVERED
901038,100510,6/2/2026 15:49,DELIVERED
901039,100495,3/26/2026 6:55,DELIVERED
901040,100768,6/29/2026 11:24,PLACED
901041,100295,7/1/2025 15:04,SHIPPED
901042,100953,3/4/2026 12:14,SHIPPED
901043,100872,8/10/2024 2:49,SHIPPED
901044,100940,5/15/2025 21:55,SHIPPED
901045,100927,9/5/2024 13:13,DELIVERED
901046,100114,5/5/2025 20:48,DELIVERED
901047,100091,2/7/2025 0:40,DELIVERED
901048,100913,7/12/2025 23:51,CANCELLED
901049,100188,12/4/2025 4:50,PLACED
901050,100155,7/10/2024 9:27,DELIVERED
901051,100479,9/10/2025 10:20,DELIVERED
901052,100022,10/12/2024 19:05,SHIPPED
901053,100385,4/8/2025 4:33,PLACED
901054,100156,4/8/2026 11:26,DELIVERED
901055,100321,9/22/2025 23:31,DELIVERED
901056,100935,5/21/2025 5:29,PLACED
901057,100206,4/12/2026 22:02,DELIVERED
901058,100199,2/18/2026 12:58,PLACED
901059,100367,9/4/2024 15:10,DELIVERED
901060,100455,5/31/2025 2:51,DELIVERED
901061,100864,4/2/2025 6:38,DELIVERED
901062,100241,8/2/2024 6:28,DELIVERED
901063,100329,3/8/2026 15:50,DELIVERED
901064,100025,2/10/2025 20:12,DELIVERED
901065,100848,8/23/2024 17:04,DELIVERED
901066,100361,1/11/2025 18:29,SHIPPED
901067,100416,1/29/2026 11:38,RETURNED
901068,100231,12/4/2024 10:57,DELIVERED
901069,,7/13/2025 5:19,DELIVERED
901070,100337,8/7/2025,DELIVERED
901071,100793,7/27/2025 4:22,DELIVERED
901072,100604,1/19/2026 20:26,DELIVERED
901073,100478,11/25/2025 4:10,DELIVERED
901074,100754,10/23/2025 4:04,SHIPPED
901075,100995,1/26/2025 0:07,DELIVERED
901076,100532,10/19/2025 22:52,DELIVERED
901077,100521,2/24/2025 6:33,DELIVERED
901078,100839,11/18/2025 10:22,SHIPPED
901079,100114,11/28/2025 14:47,CANCELLED
901080,100857,6/7/2026 5:19,PLACED
901081,100200,8/10/2024 1:05,CANCELLED
901082,100985,3/10/2026 0:18,DELIVERED
901083,100687,2/19/2026 20:18,DELIVERED
901084,100552,2/7/2025 19:34,SHIPPED
901085,100867,9/19/2025 21:26,SHIPPED
901086,100654,3/31/2026 0:59,DELIVERED
901087,,12/27/2025 12:39,RETURNED
901088,100479,5/23/2026 2:00,SHIPPED
901089,100154,21-03-2025,DELIVERED
901090,100889,3/21/2026 1:52,DELIVERED
901091,100543,3/25/2026 21:13,RETURNED
901092,100698,12/1/2025,PLACED
901093,100424,7/12/2025 2:30,DELIVERED
901094,100981,5/28/2025 3:16,DELIVERED
901095,100729,7/25/2024 21:04,DELIVERED
901096,100853,4/9/2024,PLACED
901097,100877,2/5/2026 1:43,SHIPPED
901098,100758,4/13/2026 13:30,SHIPPED
901099,100938,12/11/2024 13:20,PLACED
901100,,9/19/2025 0:37,SHIPPED
901101,100132,4/8/2026 3:45,DELIVERED
901102,100771,9/4/2024 0:10,RETURNED
901103,100397,2/4/2025 18:31,DELIVERED
901104,100318,3/12/2026 17:21,CANCELLED
901105,100913,9/24/2025 21:19,DELIVERED
901106,100949,6/6/2026 2:36,DELIVERED
901107,100110,10/21/2025 12:22,DELIVERED
901108,100365,1/11/2026 18:34,PLACED
901109,100276,10/21/2025 10:05,RETURNED
901110,100135,3/11/2026 14:12,DELIVERED
901111,100289,1/13/2025 7:54,CANCELLED
901112,100553,11/4/2024 4:18,CANCELLED
901113,100369,30-04-2026,CANCELLED
901114,100328,12/17/2024 4:35,DELIVERED
901115,100256,3/25/2026 15:10,RETURNED
901116,100861,12/17/2024 17:02,DELIVERED
901117,100127,1/12/2025 19:25,CANCELLED
901118,100716,8/20/2024 17:01,DELIVERED
901119,100044,11/1/2024 20:43,DELIVERED
901120,100627,7/5/2026 5:57,DELIVERED
901121,100048,2/12/2025 18:18,DELIVERED
901122,100831,7/2/2026 23:08,PLACED
901123,100662,8/22/2024 6:47,DELIVERED
901124,100497,4/13/2025 1:42,DELIVERED
901125,100893,10/6/2025 11:41,DELIVERED
901126,100177,6/14/2026 4:12,CANCELLED
901127,100528,12/9/2024 5:46,DELIVERED
901128,100565,5/7/2025 7:41,SHIPPED
901129,100219,6/15/2025 6:32,DELIVERED
901130,100840,2/20/2025 15:53,SHIPPED
901131,100598,8/20/2024 8:37,PLACED
901132,100980,4/13/2025 8:52,CANCELLED
901133,100803,26-10-2025,DELIVERED
901134,100421,6/23/2025 11:15,DELIVERED
901135,100302,7/29/2025 8:56,SHIPPED
901136,100549,11/27/2024 7:53,CANCELLED
901137,100645,1/12/2025 6:00,DELIVERED
901138,100113,7/22/2025 12:47,DELIVERED
901139,100826,10/2/2024 16:00,DELIVERED
901140,100780,2/24/2025 16:22,CANCELLED
901141,100785,4/17/2026 22:03,CANCELLED
901142,100058,5/6/2026 13:01,DELIVERED
901143,100488,4/24/2026 19:36,DELIVERED
901144,100231,6/15/2025 5:04,DELIVERED
901145,100025,5/19/2026 21:41,SHIPPED
901146,100773,8/22/2025 14:56,SHIPPED
901147,100150,17-09-2024,CANCELLED
901148,,7/5/2025 14:30,PLACED
901149,100649,6/18/2026 18:30,SHIPPED
901150,100080,3/4/2025 3:49,SHIPPED
901151,100768,3/14/2025 14:44,SHIPPED
901152,100870,9/14/2024 20:27,PLACED
901153,100179,10/4/2025,RETURNED
901154,100157,9/27/2024 4:31,SHIPPED
901155,100391,6/15/2026 14:46,DELIVERED
901156,100002,7/6/2025 11:18,DELIVERED
901157,100044,29-01-2025,DELIVERED
901158,100755,3/5/2025 10:46,SHIPPED
901159,100217,9/2/2025 5:42,DELIVERED
901160,100129,11/14/2024 9:09,PLACED
901161,100264,1/21/2026 0:03,DELIVERED
901162,100025,2/24/2025 9:02,PLACED
901163,100712,6/6/2025 23:34,SHIPPED
901164,100579,6/6/2026 2:27,DELIVERED
901165,100948,6/4/2025 18:03,DELIVERED
901166,100502,4/3/2025 2:18,SHIPPED
901167,100213,1/26/2026 11:54,DELIVERED
901168,100320,5/23/2026 12:31,SHIPPED
901169,100230,11/27/2025 6:15,SHIPPED
901170,100763,6/23/2025 8:28,CANCELLED
901171,100940,5/17/2026 5:24,DELIVERED
901172,100355,11/28/2024 16:23,PLACED
901173,100867,6/7/2026 2:23,DELIVERED
901174,100584,11/4/2025 21:32,DELIVERED
901175,100149,11/11/2024 22:49,DELIVERED
901176,100094,11/21/2024 18:41,DELIVERED
901177,100614,11/23/2024 7:12,DELIVERED
901178,100656,2/6/2025 6:53,RETURNED
901179,100057,7/12/2025,DELIVERED
901180,100076,12/7/2025 7:51,DELIVERED
901181,100838,9/8/2025 16:10,DELIVERED
901182,100120,5/10/2025 8:44,DELIVERED
901183,100540,12/7/2024 8:05,SHIPPED
901184,100429,8/28/2024 0:05,DELIVERED
901185,100186,7/18/2025 8:07,DELIVERED
901186,100001,11/3/2025 4:54,PLACED
901187,100956,1/8/2026 9:42,SHIPPED
901188,100539,12/27/2024 12:16,SHIPPED
901189,100197,9/25/2024 19:39,DELIVERED
901190,100491,2/1/2025 15:04,DELIVERED
901191,100618,9/18/2024 18:26,PLACED
901192,100984,25-11-2024,DELIVERED
901193,100528,9/4/2025 7:59,RETURNED
901194,100619,11/6/2025 20:32,DELIVERED
901195,100566,1/17/2025 22:09,DELIVERED
901196,100431,6/19/2026 8:40,SHIPPED
901197,100590,9/9/2024 3:45,DELIVERED
901198,100391,1/28/2025 2:16,DELIVERED
901199,100237,22-04-2026,SHIPPED
901200,100361,11/25/2025 12:32,SHIPPED
901201,100999,7/18/2025 12:38,RETURNED
901202,100630,3/19/2025 21:21,PLACED
901203,100863,12/7/2025 22:23,PLACED
901204,100664,7/31/2025 9:02,DELIVERED
901205,,16-11-2024,DELIVERED
901206,100429,8/29/2025 20:00,DELIVERED
901207,100260,6/29/2026 1:07,DELIVERED
901208,100923,4/30/2026 3:13,DELIVERED
901209,100128,12/17/2024 22:36,DELIVERED
901210,100949,12/8/2024 0:28,DELIVERED
901211,100577,10/4/2024 1:08,DELIVERED
901212,100887,9/7/2025 21:05,SHIPPED
901213,100320,12/29/2025 12:19,CANCELLED
901214,100975,6/5/2026 19:54,DELIVERED
901215,100894,11/12/2025 3:30,DELIVERED
901216,100979,4/13/2025 19:37,DELIVERED
901217,100974,7/2/2026 7:37,DELIVERED
901218,100944,7/26/2024 20:14,DELIVERED
901219,,9/15/2025 23:28,DELIVERED
901220,100093,11/28/2025 20:15,RETURNED
901221,100139,5/13/2025 6:14,DELIVERED
901222,100264,3/5/2026 4:55,SHIPPED
901223,100948,4/20/2026 1:45,DELIVERED
901224,100108,7/17/2025 23:07,DELIVERED
901225,,5/15/2025 17:05,DELIVERED
901226,100900,4/4/2026 7:35,DELIVERED
901227,100814,7/23/2024 7:51,DELIVERED
901228,100917,7/27/2024 2:35,SHIPPED
901229,,8/15/2024 23:25,DELIVERED
901230,100954,5/15/2025 12:21,DELIVERED
901231,100714,7/30/2025 8:09,DELIVERED
901232,100898,4/14/2025 14:01,DELIVERED
901233,100376,4/4/2025 19:01,SHIPPED
901234,100811,3/31/2025 4:09,DELIVERED
901235,100244,10/12/2024 15:30,DELIVERED
901236,100201,5/9/2026 14:17,CANCELLED
901237,100826,4/3/2025 12:40,DELIVERED
901238,100186,8/8/2025 5:38,SHIPPED
901239,100589,11/2/2024 22:59,PLACED
901240,100740,10/25/2024 23:49,DELIVERED
901241,100985,9/25/2024 20:16,DELIVERED
901242,100196,2/9/2026 6:52,DELIVERED
901243,100872,10/6/2024 8:38,DELIVERED
901244,100685,2/18/2025 3:04,PLACED
901245,100109,8/25/2025 11:07,DELIVERED
901246,100859,9/15/2024 9:04,SHIPPED
901247,100958,7/4/2025 22:36,RETURNED
901248,100347,6/10/2025 15:42,SHIPPED
901249,100551,1/6/2026 2:08,RETURNED
901250,100972,12/20/2025 14:10,SHIPPED
901251,100367,12/26/2024 17:24,PLACED
901252,100463,10/17/2024 19:36,PLACED
901253,100462,5/14/2026 10:13,CANCELLED
901254,100767,7/11/2024 9:34,DELIVERED
901255,100728,4/22/2026 5:46,DELIVERED
901256,100906,3/25/2025 6:50,DELIVERED
901257,100207,23-01-2026,DELIVERED
901258,100338,3/9/2026 0:43,PLACED
901259,100665,9/10/2025 10:29,DELIVERED
901260,100934,5/16/2025 20:06,RETURNED
901261,100673,6/20/2025 4:19,DELIVERED
901262,100062,8/6/2024 13:39,DELIVERED
901263,100096,6/19/2026 19:23,CANCELLED
901264,,7/2/2026 6:06,PLACED
901265,100536,8/11/2024 23:01,RETURNED
901266,100499,28-06-2026,RETURNED
901267,100072,12/28/2024 16:03,DELIVERED
901268,100237,8/3/2024 16:16,DELIVERED
901269,100699,5/13/2026 23:40,DELIVERED
901270,100122,11/28/2024 23:51,CANCELLED
901271,100990,1/12/2025 23:32,DELIVERED
901272,100228,1/23/2026 13:54,PLACED
901273,100582,9/1/2026,CANCELLED
901274,100723,3/11/2025 16:50,DELIVERED
901275,100926,2/9/2024,SHIPPED
901276,100391,1/9/2026 8:25,SHIPPED
901277,100402,8/30/2024 9:29,DELIVERED
901278,100236,1/27/2026 5:33,DELIVERED
901279,100028,5/29/2025 15:41,DELIVERED
901280,100299,11/20/2025 9:36,DELIVERED
901281,100030,11/9/2024 21:34,DELIVERED
901282,100152,5/18/2025 17:37,DELIVERED
901283,100579,5/18/2026 15:43,DELIVERED
901284,100284,9/22/2024 18:03,PLACED
901285,100496,7/17/2025 8:06,DELIVERED
901286,100659,5/16/2026 8:38,SHIPPED
901287,100006,9/9/2025 0:46,SHIPPED
901288,100740,7/5/2025 19:23,DELIVERED
901289,100709,6/30/2026 6:14,DELIVERED
901290,100401,12/26/2025 1:03,SHIPPED
901291,100592,31-12-2025,DELIVERED
901292,100405,2/25/2026 6:38,SHIPPED
901293,100456,2/4/2026 9:57,DELIVERED
901294,100074,1/31/2025 7:44,PLACED
901295,100496,8/5/2024 3:32,DELIVERED
901296,100745,8/11/2024 2:22,DELIVERED
901297,100717,7/22/2025 17:16,SHIPPED
901298,100905,4/1/2026,SHIPPED
901299,100156,11/23/2024 21:55,DELIVERED
901300,100069,4/28/2025 15:06,SHIPPED
901301,100308,12/21/2024 10:14,DELIVERED
901302,,12/7/2024 5:14,RETURNED
901303,100375,1/12/2025 8:48,SHIPPED
901304,100403,6/3/2025 17:48,SHIPPED
901305,100438,12/29/2024 15:18,DELIVERED
901306,100155,6/13/2025 9:28,DELIVERED
901307,100411,12/1/2025 17:27,DELIVERED
901308,100369,11/2/2025 16:19,DELIVERED
901309,100942,9/18/2024 23:03,DELIVERED
901310,100185,1/5/2025,DELIVERED
901311,100001,8/2/2025 20:42,PLACED
901312,100297,2/2/2025,DELIVERED
901313,100690,3/30/2025 8:03,DELIVERED
901314,100160,1/4/2025 11:36,DELIVERED
901315,100576,11/2/2025 8:43,DELIVERED
901316,100584,3/5/2025 9:22,DELIVERED
901317,100343,8/3/2024 21:19,SHIPPED
901318,100846,5/7/2025 12:05,CANCELLED
901319,100797,3/16/2026 3:32,RETURNED
901320,100915,8/26/2024 16:23,PLACED
901321,100951,9/7/2024 4:05,CANCELLED
901322,100220,8/17/2024 17:33,DELIVERED
901323,100772,11/24/2024 9:12,DELIVERED
901324,100558,1/15/2025 10:02,DELIVERED
901325,100512,10/9/2025 6:29,RETURNED
901326,100825,4/12/2025 13:31,RETURNED
901327,101000,11/16/2025 6:08,CANCELLED
901328,100043,1/8/2025 0:11,DELIVERED
901329,100758,9/17/2024 15:55,DELIVERED
901330,100858,5/13/2026 20:06,DELIVERED
901331,100108,8/22/2025 6:11,PLACED
901332,100538,5/30/2025 8:52,SHIPPED
901333,100680,8/22/2024 13:26,RETURNED
901334,100745,9/10/2025 16:26,SHIPPED
901335,100296,4/19/2026 16:27,DELIVERED
901336,100869,10/7/2024 21:55,SHIPPED
901337,100812,8/25/2024 5:25,DELIVERED
901338,100783,5/22/2025 15:54,DELIVERED
901339,100807,11/1/2025 7:25,SHIPPED
901340,100658,7/25/2024 13:45,DELIVERED
901341,100004,11/19/2024 5:21,DELIVERED
901342,100050,6/26/2026 17:29,DELIVERED
901343,100758,12/14/2025 18:48,RETURNED
901344,100660,2/3/2026 20:54,PLACED
901345,100565,2/4/2026 13:59,DELIVERED
901346,100691,8/30/2024 22:00,PLACED
901347,100632,2/12/2026 20:58,DELIVERED
901348,100419,12/29/2024 12:50,PLACED
901349,100423,12/15/2024 15:15,DELIVERED
901350,100492,5/31/2026 0:09,DELIVERED
901351,100039,1/19/2025 3:43,DELIVERED
901352,100887,11/8/2024 18:48,SHIPPED
901353,100382,3/5/2026 9:57,DELIVERED
901354,100548,4/30/2025 6:01,PLACED
901355,100742,3/3/2026 16:05,DELIVERED
901356,100344,11/2/2024 9:27,CANCELLED
901357,100165,5/22/2025 23:48,DELIVERED
901358,100891,11/15/2024 10:23,CANCELLED
901359,100772,10/11/2024 15:25,DELIVERED
901360,100518,8/8/2025 12:13,DELIVERED
901361,100857,5/17/2025 19:04,CANCELLED
901362,100548,12/26/2024 0:14,DELIVERED
901363,100412,4/30/2026 22:21,PLACED
901364,100743,10/31/2025 14:38,DELIVERED
901365,100593,1/13/2025 14:57,SHIPPED
901366,100659,9/30/2024 15:49,DELIVERED
901367,100227,2/17/2026 6:19,DELIVERED
901368,100980,9/12/2024 9:01,CANCELLED
901369,100404,12/15/2024 15:16,DELIVERED
901370,100641,10/26/2024 23:15,PLACED
901371,100201,4/6/2026 17:14,DELIVERED
901372,100594,9/6/2024 17:09,DELIVERED
901373,100821,2/15/2025 18:05,DELIVERED
901374,100508,9/11/2025 7:17,DELIVERED
901375,,3/17/2026 17:21,DELIVERED
901376,100371,1/5/2026 6:47,RETURNED
901377,100075,8/19/2025 13:42,PLACED
901378,100482,5/20/2026 18:42,DELIVERED
901379,100105,5/26/2025 1:37,DELIVERED
901380,100601,6/4/2026 3:28,CANCELLED
901381,100105,1/31/2026 15:57,SHIPPED
901382,100557,3/12/2026 8:04,CANCELLED
901383,100194,7/31/2025 16:21,SHIPPED
901384,100570,2/19/2025 11:56,SHIPPED
901385,100734,12/3/2024 8:15,PLACED
901386,100168,12/20/2025 14:02,DELIVERED
901387,100103,10/7/2024 12:20,SHIPPED
901388,100467,3/23/2025 7:51,DELIVERED
901389,100774,8/19/2025 14:41,PLACED
901390,100155,6/30/2026 5:26,RETURNED
901391,100827,10/2/2025 18:07,DELIVERED
901392,100332,10/31/2025 23:21,CANCELLED
901393,100144,10/9/2024 4:55,DELIVERED
901394,100913,7/23/2024 13:13,DELIVERED
901395,100119,5/17/2025 2:46,DELIVERED
901396,100525,9/16/2025 21:05,SHIPPED
901397,100102,8/8/2024,SHIPPED
901398,100952,2/6/2025 8:19,SHIPPED
901399,100236,10/2/2024 1:22,DELIVERED
901400,100375,10/9/2025 5:18,DELIVERED
901401,100944,5/28/2025 21:39,SHIPPED
901402,,4/7/2025 3:08,PLACED
901403,100610,6/20/2025 4:00,DELIVERED
901404,100121,12/3/2025 17:32,DELIVERED
901405,100953,4/4/2026 22:34,DELIVERED
901406,100459,8/7/2025 12:18,PLACED
901407,100781,8/8/2025 14:43,DELIVERED
901408,100314,2/6/2025 6:52,SHIPPED
901409,100426,3/5/2026 12:21,DELIVERED
901410,100022,7/30/2024 11:04,DELIVERED
901411,100883,1/10/2025 18:54,DELIVERED
901412,,2/26/2025 10:49,SHIPPED
901413,,11/17/2025 3:13,RETURNED
901414,100947,12/21/2025 22:11,SHIPPED
901415,100683,3/28/2026 23:32,DELIVERED
901416,100094,12/7/2025 7:05,RETURNED
901417,100498,6/4/2025 13:55,DELIVERED
901418,100818,9/8/2024 4:01,DELIVERED
901419,100969,3/27/2025 10:49,SHIPPED
901420,100884,28-10-2025,SHIPPED
901421,100120,3/2/2026 14:28,RETURNED
901422,100014,6/25/2026 12:03,DELIVERED
901423,100458,5/18/2025 21:30,SHIPPED
901424,100623,12/26/2025 3:32,DELIVERED
901425,100753,1/10/2025 1:34,DELIVERED
901426,100772,3/31/2025 21:15,SHIPPED
901427,100982,7/19/2024 10:40,DELIVERED
901428,100821,8/11/2025 19:21,DELIVERED
901429,100436,3/13/2025 20:30,PLACED
901430,100721,5/2/2025 10:16,PLACED
901431,100976,5/22/2025 18:15,DELIVERED
901432,100745,24-09-2025,DELIVERED
901433,100152,4/18/2026 7:25,DELIVERED
901434,100643,4/2/2026 12:02,DELIVERED
901435,100635,2/15/2025 9:16,DELIVERED
901436,100250,2/8/2026 1:21,DELIVERED
901437,100604,3/12/2025 20:33,DELIVERED
901438,100003,6/17/2025 3:45,DELIVERED
901439,100731,12/14/2025 21:23,DELIVERED
901440,100084,12/27/2025 14:12,DELIVERED
901441,100809,11/20/2024 2:04,PLACED
901442,100534,9/19/2024 18:44,DELIVERED
901443,100330,11/28/2024 3:13,DELIVERED
901444,,4/22/2026 23:03,DELIVERED
901445,100921,8/7/2024 18:41,DELIVERED
901446,100283,10/10/2024 23:56,DELIVERED
901447,100122,11/3/2025,PLACED
901448,100347,5/10/2025 2:19,DELIVERED
901449,100473,6/6/2026 21:15,SHIPPED
901450,100995,2/2/2025 23:58,RETURNED
901451,,10/28/2024 16:59,DELIVERED
901452,100861,10/27/2024 15:11,CANCELLED
901453,100432,10/18/2025 17:19,DELIVERED
901454,100156,12/9/2025 21:07,CANCELLED
901455,100163,3/21/2025 11:51,RETURNED
901456,100707,8/20/2024 12:25,CANCELLED
901457,100788,11/12/2025 0:48,RETURNED
901458,100997,1/2/2025 10:41,DELIVERED
901459,100266,8/3/2024 0:16,DELIVERED
901460,100427,11/10/2024 14:56,SHIPPED
901461,100879,8/15/2024 13:46,SHIPPED
901462,100049,5/12/2025 22:48,DELIVERED
901463,100657,10/26/2024 11:34,DELIVERED
901464,100088,1/31/2026 1:03,RETURNED
901465,100568,7/14/2025 4:31,SHIPPED
901466,100387,9/26/2024 13:16,DELIVERED
901467,100084,1/21/2025 14:38,RETURNED
901468,100499,7/15/2025 2:53,SHIPPED
901469,100537,7/4/2026 4:32,DELIVERED
901470,100612,6/29/2026 4:33,DELIVERED
901471,100391,6/28/2026 0:58,RETURNED
901472,100102,4/19/2025 12:24,CANCELLED
901473,100020,11/19/2024 23:04,DELIVERED
901474,100066,1/29/2026 11:55,SHIPPED
901475,,12/26/2025 15:39,DELIVERED
901476,100012,9/28/2024 12:39,SHIPPED
901477,100793,2/26/2025 17:36,DELIVERED
901478,100726,10/7/2024 18:47,DELIVERED
901479,100730,8/1/2024 19:36,DELIVERED
901480,100517,12/12/2025 14:57,SHIPPED
901481,100049,12/5/2024 7:19,DELIVERED
901482,100374,9/3/2025 10:46,DELIVERED
901483,100273,8/29/2025 13:21,PLACED
901484,100559,12/23/2024 11:26,DELIVERED
901485,100764,9/17/2024 0:39,PLACED
901486,100900,12/6/2025 11:41,DELIVERED
901487,100476,3/19/2026 7:56,DELIVERED
901488,100936,12/30/2024 0:41,DELIVERED
901489,100745,6/16/2025 11:16,DELIVERED
901490,100113,1/22/2026 7:45,DELIVERED
901491,100073,4/12/2026 12:36,SHIPPED
901492,100741,10/3/2024 19:07,DELIVERED
901493,100697,8/28/2025 18:21,DELIVERED
901494,100736,7/19/2025 3:35,DELIVERED
901495,100964,3/20/2026 9:44,DELIVERED
901496,100903,9/10/2024 22:48,CANCELLED
901497,100574,8/6/2025,DELIVERED
901498,100056,27-12-2024,SHIPPED
901499,100909,5/24/2025 23:37,DELIVERED
901500,100297,7/2/2026 16:43,DELIVERED
901501,100781,5/6/2026 16:48,RETURNED
901502,100229,18-07-2024,PLACED
901503,100923,12/20/2024 22:18,SHIPPED
901504,100640,3/6/2025 16:06,DELIVERED
901505,100385,4/24/2025 23:42,DELIVERED
901506,100071,10/27/2025 20:21,SHIPPED
901507,100772,5/11/2025 17:49,DELIVERED
901508,,3/7/2025 19:51,DELIVERED
901509,100428,12/29/2024 22:17,DELIVERED
901510,,10/13/2025 2:12,DELIVERED
901511,100377,7/21/2025 19:43,CANCELLED
901512,100454,8/13/2025 1:25,DELIVERED
901513,100888,2/14/2025 2:20,DELIVERED
901514,100440,6/15/2025 1:53,SHIPPED
901515,100376,12/10/2025 18:42,SHIPPED
901516,100206,6/13/2025 22:08,RETURNED
901517,100845,7/17/2024 3:33,DELIVERED
901518,100093,11/3/2025 19:01,DELIVERED
901519,100312,6/9/2025 15:27,SHIPPED
901520,100378,9/17/2025 18:37,DELIVERED
901521,100861,11/12/2024 4:11,PLACED
901522,100016,9/17/2025 21:37,DELIVERED
901523,100513,6/15/2025 4:05,DELIVERED
901524,100355,6/5/2026 17:17,DELIVERED
901525,100022,10/31/2024 22:27,RETURNED
901526,100633,6/5/2026 16:01,DELIVERED
901527,100421,22-06-2026,SHIPPED
901528,100489,1/12/2026 10:57,DELIVERED
901529,,1/4/2026 13:28,PLACED
901530,100049,5/24/2026 0:05,DELIVERED
901531,100529,4/9/2026 13:03,DELIVERED
901532,100442,2/19/2025 3:20,SHIPPED
901533,100297,4/4/2026 14:02,DELIVERED
901534,100288,11/25/2025 12:56,DELIVERED
901535,100816,8/25/2024 11:49,DELIVERED
901536,100475,4/29/2026 6:46,DELIVERED
901537,100843,11/18/2024 11:31,PLACED
901538,100792,7/10/2024 17:06,SHIPPED
901539,100855,5/2/2025 22:45,PLACED
901540,100423,6/4/2025 23:32,SHIPPED
901541,100700,5/9/2026 14:21,DELIVERED
901542,100870,3/18/2025 7:07,SHIPPED
901543,100537,4/2/2025 8:07,DELIVERED
901544,100037,12/10/2025 2:16,CANCELLED
901545,100738,9/18/2024 9:39,SHIPPED
901546,100234,7/27/2025 19:28,RETURNED
901547,100479,9/28/2024 11:18,DELIVERED
901548,100371,2/4/2025 5:18,CANCELLED
901549,100127,8/6/2025 10:31,DELIVERED
901550,100114,12/15/2024 6:09,DELIVERED
901551,100703,4/16/2025 6:56,SHIPPED
901552,100647,3/18/2026 13:49,DELIVERED
901553,100955,9/19/2025 22:13,DELIVERED
901554,100949,8/19/2025 17:33,SHIPPED
901555,100721,1/23/2025 7:52,DELIVERED
901556,100113,1/14/2026 10:30,CANCELLED
901557,100144,10/1/2025 17:45,RETURNED
901558,100309,12/12/2025 15:50,DELIVERED
901559,100505,3/15/2026 6:12,DELIVERED
901560,100294,3/31/2025 14:02,RETURNED
901561,100291,6/26/2026 4:03,DELIVERED
901562,100952,10/18/2025 22:52,DELIVERED
901563,100253,10/15/2024 16:25,DELIVERED
901564,100301,11/11/2025 13:00,PLACED
901565,100759,9/28/2024 10:19,DELIVERED
901566,100252,11/2/2024 2:23,SHIPPED
901567,100067,7/23/2024 18:12,DELIVERED
901568,100948,4/24/2026 8:19,DELIVERED
901569,100662,12/16/2024 13:16,DELIVERED
901570,100159,7/9/2024 21:07,DELIVERED
901571,100899,7/6/2026 13:19,RETURNED
901572,100110,11/28/2024 14:55,DELIVERED
901573,100343,7/30/2025 11:22,DELIVERED
901574,100738,3/27/2025 16:38,DELIVERED
901575,100714,1/11/2025 22:26,SHIPPED
901576,100458,11/10/2024 1:41,PLACED
901577,100538,12/3/2025 19:44,SHIPPED
901578,,11/4/2024 10:28,DELIVERED
901579,100750,5/7/2026 22:37,DELIVERED
901580,100880,2/22/2026 14:16,DELIVERED
901581,100374,8/18/2024 18:02,DELIVERED
901582,100025,4/8/2025 8:00,DELIVERED
901583,100506,4/16/2026 10:46,SHIPPED
901584,100975,2/26/2025 11:54,DELIVERED
901585,100106,4/26/2025 11:32,DELIVERED
901586,100781,8/7/2024 0:16,SHIPPED
901587,100289,8/9/2025 21:08,DELIVERED
901588,100024,2/12/2026 5:04,DELIVERED
901589,100315,8/6/2025 19:28,SHIPPED
901590,100421,8/25/2024 11:42,SHIPPED
901591,100413,11/11/2024 16:02,SHIPPED
901592,100706,11/20/2024 5:48,SHIPPED
901593,100663,2/19/2026 19:28,DELIVERED
901594,100014,7/8/2025 17:30,DELIVERED
901595,100685,12/2/2025 2:22,SHIPPED
901596,100884,1/20/2026 23:20,DELIVERED
901597,100697,10/31/2025 8:07,DELIVERED
901598,100331,4/3/2026 11:14,CANCELLED
901599,100353,2/4/2025 8:12,DELIVERED
901600,100453,8/1/2025 10:15,SHIPPED
901601,100020,12/12/2025 14:45,SHIPPED
901602,100414,12/24/2025 10:25,DELIVERED
901603,100017,9/26/2024 11:32,DELIVERED
901604,100988,1/23/2025 3:45,DELIVERED
901605,100144,2/12/2025 2:03,DELIVERED
901606,100282,12/1/2024 2:51,CANCELLED
901607,100054,6/18/2026 8:31,DELIVERED
901608,100544,2/2/2026 10:56,DELIVERED
901609,100623,5/25/2026 1:24,PLACED
901610,100175,3/8/2026 1:01,DELIVERED
901611,100448,11/9/2025 23:45,PLACED
901612,100328,12/31/2025 22:29,DELIVERED
901613,100377,2/25/2025 18:37,DELIVERED
901614,100428,10/7/2024 10:39,SHIPPED
901615,100158,3/22/2026 2:50,SHIPPED
901616,100479,7/2/2025 18:11,PLACED
901617,100720,8/12/2025 20:14,DELIVERED
901618,100341,11/4/2024 2:35,SHIPPED
901619,100292,8/19/2024 14:04,PLACED
901620,100694,5/21/2026 13:07,DELIVERED
901621,100319,9/4/2024 5:11,DELIVERED
901622,100746,10/6/2025 12:23,SHIPPED
901623,100649,9/12/2025 14:23,PLACED
901624,100343,11/22/2025 10:19,SHIPPED
901625,100303,7/16/2025 8:03,PLACED
901626,100406,10/23/2024 0:31,SHIPPED
901627,100939,2/16/2026 6:19,DELIVERED
901628,100982,8/27/2024 11:46,DELIVERED
901629,100620,4/29/2026 19:21,DELIVERED
901630,100389,5/31/2026 19:35,SHIPPED
901631,100608,7/24/2024 6:30,SHIPPED
901632,100816,10/2/2025 1:43,SHIPPED
901633,100953,12/22/2024 1:03,DELIVERED
901634,100313,9/8/2024 16:51,SHIPPED
901635,100731,3/2/2026 14:58,DELIVERED
901636,100997,6/3/2025 18:45,DELIVERED
901637,,12/28/2024 12:50,DELIVERED
901638,100240,11/17/2024 11:52,DELIVERED
901639,100700,2/21/2025 14:15,DELIVERED
901640,100534,10/13/2025 13:16,RETURNED
901641,100423,9/20/2025 21:13,SHIPPED
901642,100693,10/11/2024 9:41,SHIPPED
901643,100735,5/4/2025,DELIVERED
901644,100406,5/2/2026 15:27,RETURNED
901645,100594,7/23/2024 14:45,DELIVERED
901646,100934,12/14/2025 19:14,DELIVERED
901647,,8/13/2024 3:53,CANCELLED
901648,,12/1/2025 10:32,PLACED
901649,100751,11/9/2025 18:41,DELIVERED
901650,,11/2/2025,DELIVERED
901651,100090,12/25/2025 17:29,DELIVERED
901652,100071,9/9/2024 0:42,RETURNED
901653,100928,3/12/2024,CANCELLED
901654,100459,6/9/2026 15:44,CANCELLED
901655,100979,9/20/2025 14:50,SHIPPED
901656,100632,6/16/2026 7:18,SHIPPED
901657,100789,8/15/2025 4:48,DELIVERED
901658,100349,7/11/2024 5:17,SHIPPED
901659,100896,8/19/2024 5:40,SHIPPED
901660,100075,2/1/2025 8:21,DELIVERED
901661,,2/17/2025 2:45,DELIVERED
901662,100986,31-05-2026,DELIVERED
901663,100534,11/2/2025 5:35,CANCELLED
901664,100695,6/25/2025 18:21,DELIVERED
901665,100105,9/18/2025 23:27,SHIPPED
901666,100323,4/13/2026 11:51,CANCELLED
901667,100556,12/4/2025,PLACED
901668,100031,8/7/2025 17:05,DELIVERED
901669,100334,4/8/2025 8:51,DELIVERED
901670,100859,2/16/2026 5:43,SHIPPED
901671,,3/5/2026 3:37,DELIVERED
901672,100228,5/24/2026 9:52,DELIVERED
901673,100232,12/15/2024 5:45,CANCELLED
901674,100886,1/20/2025 23:32,PLACED
901675,100898,6/3/2026 19:27,DELIVERED
901676,100955,7/15/2025 2:29,DELIVERED
901677,100976,10/12/2024 12:08,RETURNED
901678,100822,2/15/2025 10:45,DELIVERED
901679,100692,8/9/2024 12:22,PLACED
901680,100380,9/14/2024 13:53,PLACED
901681,100175,5/24/2025 11:10,SHIPPED
901682,100546,2/4/2026 19:49,RETURNED
901683,100563,6/9/2025 7:36,PLACED
901684,100676,3/18/2025 8:48,DELIVERED
901685,100190,6/26/2025 6:41,SHIPPED
901686,100034,6/10/2025,DELIVERED
901687,100118,1/17/2026 17:57,DELIVERED
901688,100023,2/9/2026 7:31,DELIVERED
901689,100124,12/6/2025 7:21,DELIVERED
901690,100397,4/26/2025 6:35,SHIPPED
901691,,11/1/2024 1:00,SHIPPED
901692,100954,7/4/2025 16:42,CANCELLED
901693,100326,5/4/2026 14:22,DELIVERED
901694,100327,5/20/2026 0:15,SHIPPED
901695,100541,10/29/2024 9:07,DELIVERED
901696,100102,1/16/2026 13:30,DELIVERED
901697,100424,5/13/2025 16:53,PLACED
901698,100223,11/19/2024 0:30,DELIVERED
901699,100606,6/16/2026 4:38,PLACED
901700,100424,12/7/2024 7:45,DELIVERED
901701,100498,5/30/2026 2:54,DELIVERED
901702,100471,10/27/2025 16:58,DELIVERED
901703,100491,1/4/2025 21:33,DELIVERED
901704,100680,8/28/2025 8:51,SHIPPED
901705,100368,4/26/2026 5:35,RETURNED
901706,100568,1/15/2025 19:39,SHIPPED
901707,100950,3/18/2025 20:19,DELIVERED
901708,100493,10/3/2024 17:31,PLACED
901709,100807,1/29/2025 2:59,SHIPPED
901710,100040,9/13/2025 13:44,PLACED
901711,100022,3/14/2026 1:43,DELIVERED
901712,,2/22/2025 19:50,DELIVERED
901713,100724,2/17/2026 1:15,DELIVERED
901714,100539,4/5/2026 10:00,DELIVERED
901715,100088,2/13/2025 6:49,SHIPPED
901716,100006,2/6/2026 13:29,CANCELLED
901717,100025,10/15/2024 21:26,DELIVERED
901718,100235,8/14/2025 19:26,SHIPPED
901719,100493,8/22/2025 16:32,PLACED
901720,100385,4/23/2026 16:16,PLACED
901721,100956,12/1/2025 0:57,DELIVERED
901722,100523,11/8/2024 7:54,PLACED
901723,100596,11/10/2025 6:01,DELIVERED
901724,100164,9/15/2024 1:30,DELIVERED
901725,100482,6/16/2026 9:16,RETURNED
901726,,5/21/2025 5:19,DELIVERED
901727,100116,6/13/2025 9:18,DELIVERED
901728,100330,3/8/2026 17:45,RETURNED
901729,100917,12/10/2025 8:22,CANCELLED
901730,100677,5/22/2025 6:27,DELIVERED
901731,100285,3/18/2026 10:47,SHIPPED
901732,100708,10/29/2024 6:05,SHIPPED
901733,100071,11/10/2024 1:34,CANCELLED
901734,100841,4/23/2026 8:18,SHIPPED
901735,100864,2/24/2025 7:36,DELIVERED
901736,100248,10/20/2025 22:00,SHIPPED
901737,100319,5/20/2025 5:38,SHIPPED
901738,100801,1/25/2025 23:18,SHIPPED
901739,100223,9/18/2024 1:46,DELIVERED
901740,100234,12/16/2025 13:07,DELIVERED
901741,100521,3/13/2026 9:04,DELIVERED
901742,100458,11/1/2024 23:50,SHIPPED
901743,100227,9/8/2025 13:05,DELIVERED
901744,100446,11/25/2024 6:37,SHIPPED
901745,100328,10/21/2025 22:32,RETURNED
901746,,6/27/2025 7:40,DELIVERED
901747,100755,9/17/2024 14:40,CANCELLED
901748,100768,6/23/2026 7:09,DELIVERED
901749,100280,4/4/2026 17:00,DELIVERED
901750,100436,5/27/2025 18:13,SHIPPED
901751,100619,4/17/2026 23:44,SHIPPED
901752,100466,10/22/2025 2:49,DELIVERED
901753,100581,9/19/2024 15:34,SHIPPED
901754,100530,5/21/2025 5:05,RETURNED
901755,100517,3/20/2026 2:50,DELIVERED
901756,100236,6/27/2026 9:13,DELIVERED
901757,100286,10/10/2025 17:04,CANCELLED
901758,100025,9/14/2025 11:11,PLACED
901759,100920,24-05-2026,PLACED
901760,100892,11/9/2024 19:28,DELIVERED
901761,100691,3/17/2025 12:03,DELIVERED
901762,100480,9/21/2024 9:28,CANCELLED
901763,100350,2/16/2026 15:14,DELIVERED
901764,100857,6/23/2026 17:39,DELIVERED
901765,100220,10/30/2024 8:16,CANCELLED
901766,100428,2/16/2025 11:11,DELIVERED
901767,100217,1/7/2025 15:00,SHIPPED
901768,100237,2/20/2026 16:49,DELIVERED
901769,100409,2/12/2026 12:39,DELIVERED
901770,100739,8/19/2024 23:09,CANCELLED
901771,100690,8/29/2025 10:26,DELIVERED
901772,100109,4/23/2026 21:29,SHIPPED
901773,100516,11/28/2024 10:06,DELIVERED
901774,100415,12/4/2024 13:18,DELIVERED
901775,100950,1/9/2025 22:52,DELIVERED
901776,101000,3/8/2026 1:41,DELIVERED
901777,100679,1/15/2025 5:43,DELIVERED
901778,100740,11/17/2024 10:25,DELIVERED
901779,100458,7/7/2024 8:02,DELIVERED
901780,100172,5/8/2026 17:25,DELIVERED
901781,100511,12/17/2024 5:28,DELIVERED
901782,100992,12/31/2024 10:51,PLACED
901783,100713,4/9/2026 19:33,DELIVERED
901784,100252,5/5/2025 7:14,DELIVERED
901785,100286,1/9/2026 5:52,DELIVERED
901786,,3/29/2026 20:49,DELIVERED
901787,100329,9/28/2024 19:13,CANCELLED
901788,100113,1/5/2026 19:56,PLACED
901789,100567,6/2/2025 13:24,DELIVERED
901790,100090,6/30/2025 8:38,DELIVERED
901791,100762,7/24/2024 1:20,DELIVERED
901792,100723,12/18/2024 21:48,PLACED
901793,100782,3/20/2025 9:21,DELIVERED
901794,100194,2/21/2025 3:15,SHIPPED
901795,100047,4/16/2025 18:51,DELIVERED
901796,100976,10/26/2025 0:29,DELIVERED
901797,100628,7/31/2025 21:57,DELIVERED
901798,,12/17/2024 15:57,DELIVERED
901799,100971,5/8/2025 11:35,PLACED
901800,100360,10/2/2025 4:00,CANCELLED
901801,,2/17/2026 10:45,PLACED
901802,100452,1/4/2026 15:34,RETURNED
901803,100442,11/13/2025 13:52,SHIPPED
901804,100542,9/7/2025 10:36,DELIVERED
901805,100977,7/29/2025 23:31,SHIPPED
901806,100908,1/11/2026 14:58,DELIVERED
901807,100549,23-01-2025,PLACED
901808,100650,3/4/2026 0:13,RETURNED
901809,100679,4/29/2026 18:34,PLACED
901810,100081,2/26/2026 19:30,DELIVERED
901811,100298,12/8/2024 9:41,DELIVERED
901812,100594,8/12/2024 1:41,CANCELLED
901813,100823,12/11/2024 18:32,SHIPPED
901814,100194,6/3/2026 4:50,PLACED
901815,100236,4/27/2026 9:46,DELIVERED
901816,100467,7/4/2026 5:13,DELIVERED
901817,100906,7/13/2025 17:36,RETURNED
901818,100766,10/1/2024 16:35,SHIPPED
901819,100730,11/19/2025 13:50,DELIVERED
901820,100459,4/25/2026 1:06,CANCELLED
901821,100242,5/17/2025 23:19,DELIVERED
901822,100038,7/13/2024 16:49,DELIVERED
901823,100828,1/12/2025 7:22,DELIVERED
901824,100092,6/28/2025 20:32,RETURNED
901825,100722,10/30/2024 11:29,DELIVERED
901826,100420,11/24/2024 21:59,DELIVERED
901827,100089,2/24/2026 14:51,DELIVERED
901828,100167,4/7/2026 4:27,SHIPPED
901829,100715,5/20/2025 6:05,DELIVERED
901830,100065,10/14/2025 10:57,SHIPPED
901831,100569,5/20/2026 1:39,CANCELLED
901832,100276,10/19/2024 10:56,DELIVERED
901833,100774,4/20/2025 8:12,DELIVERED
901834,100740,7/9/2024 1:47,SHIPPED
901835,100089,2/8/2025 15:08,CANCELLED
901836,,4/12/2025 4:54,CANCELLED
901837,100299,12/15/2025 6:32,DELIVERED
901838,100236,7/21/2025 22:40,DELIVERED
901839,100872,12/23/2024 7:21,DELIVERED
901840,100178,8/25/2024 19:00,DELIVERED
901841,100540,8/11/2024 15:44,SHIPPED
901842,100302,9/2/2024 21:43,RETURNED
901843,100009,8/7/2024 15:44,PLACED
901844,100599,2/7/2025 22:01,DELIVERED
901845,100989,8/2/2026,DELIVERED
901846,100658,11/22/2025 2:05,CANCELLED
901847,100909,11/2/2024 19:37,CANCELLED
901848,100528,9/12/2024 4:28,SHIPPED
901849,100993,10/19/2025 10:55,RETURNED
901850,100926,7/4/2026 10:34,SHIPPED
901851,100868,2/10/2025 14:51,DELIVERED
901852,100833,1/27/2026 10:18,DELIVERED
901853,100822,5/7/2026 18:21,DELIVERED
901854,,12/4/2025 1:10,DELIVERED
901855,100396,9/30/2025 7:13,PLACED
901856,100446,10/15/2025 6:52,DELIVERED
901857,100433,12/29/2025 17:59,DELIVERED
901858,100635,4/22/2026 1:58,SHIPPED
901859,100634,10/1/2024 5:55,DELIVERED
901860,100469,6/11/2025 3:02,SHIPPED
901861,100358,6/28/2025 0:39,DELIVERED
901862,100591,5/27/2025 11:38,PLACED
901863,100861,9/23/2024 3:48,DELIVERED
901864,100509,5/14/2026 7:08,SHIPPED
901865,,4/10/2025 20:03,SHIPPED
901866,100124,11/30/2024 4:52,SHIPPED
901867,100168,6/22/2025 23:57,DELIVERED
901868,100342,12/9/2025 7:39,DELIVERED
901869,100090,4/9/2025 20:14,SHIPPED
901870,100188,7/21/2025 9:12,DELIVERED
901871,100832,8/17/2025 11:25,PLACED
901872,100937,3/8/2026 11:38,RETURNED
901873,100158,9/8/2025 11:26,RETURNED
901874,100757,10/26/2025 5:41,DELIVERED
901875,100687,1/14/2025 23:40,DELIVERED
901876,100793,5/13/2026 9:27,CANCELLED
901877,,10/27/2024 6:35,DELIVERED
901878,100780,4/17/2025 21:54,DELIVERED
901879,100633,9/25/2025 11:14,DELIVERED
901880,,28-03-2025,DELIVERED
901881,100970,9/20/2025 21:30,DELIVERED
901882,100041,11/9/2024 8:05,PLACED
901883,100956,10/23/2024 19:23,SHIPPED
901884,100862,1/22/2025 11:25,SHIPPED
901885,100660,3/11/2026 8:20,DELIVERED
901886,100910,10/4/2024 21:43,DELIVERED
901887,100442,7/19/2024 8:55,CANCELLED
901888,,9/4/2024 21:45,DELIVERED
901889,,9/28/2025 15:17,RETURNED
901890,100431,3/11/2025,DELIVERED
901891,100532,2/4/2026 2:33,DELIVERED
901892,100734,3/5/2026,CANCELLED
901893,100744,5/24/2025 11:55,DELIVERED
901894,100869,1/15/2026 10:37,DELIVERED
901895,100351,9/19/2024 22:56,SHIPPED
901896,100674,2/11/2026 18:13,SHIPPED
901897,100656,4/29/2025 2:32,CANCELLED
901898,100860,7/11/2025 21:59,DELIVERED
901899,100780,2/24/2026 14:49,RETURNED
901900,100044,2/19/2026 8:06,PLACED
901901,100915,3/30/2025 4:05,DELIVERED
901902,100349,2/10/2026 11:01,DELIVERED
901903,100908,9/10/2024 0:12,DELIVERED
901904,100694,7/26/2024 23:52,RETURNED
901905,100566,7/10/2025 4:40,PLACED
901906,100649,10/16/2025 11:26,CANCELLED
901907,100528,2/22/2026 14:56,DELIVERED
901908,100912,8/14/2025 23:31,PLACED
901909,100915,9/21/2025 16:21,PLACED
901910,100050,8/27/2024 16:26,SHIPPED
901911,100168,2/3/2025 18:17,SHIPPED
901912,100754,6/14/2026 22:39,DELIVERED
901913,100877,5/25/2025 9:58,CANCELLED
901914,100192,9/8/2025 5:51,SHIPPED
901915,100041,2/20/2025 15:57,SHIPPED
901916,100036,6/11/2026 14:58,DELIVERED
901917,100476,22-08-2025,CANCELLED
901918,100783,6/20/2026 11:31,DELIVERED
901919,100903,7/8/2025,RETURNED
901920,100189,10/29/2025 15:24,RETURNED
901921,100041,15-02-2025,SHIPPED
901922,100015,8/18/2024 20:42,DELIVERED
901923,100873,9/26/2024 22:03,DELIVERED
901924,100802,5/15/2025 18:19,DELIVERED
901925,100374,8/29/2025 3:23,SHIPPED
901926,100074,12/11/2024 3:30,DELIVERED
901927,100741,3/11/2026 13:53,DELIVERED
901928,100108,3/29/2026 6:44,SHIPPED
901929,100218,11/14/2025 4:41,DELIVERED
901930,100879,2/3/2025 14:30,SHIPPED
901931,100006,8/30/2025 19:29,DELIVERED
901932,100691,7/22/2024 19:49,SHIPPED
901933,100701,5/6/2025,DELIVERED
901934,100822,1/3/2025,SHIPPED
901935,100843,8/13/2025 7:02,DELIVERED
901936,100798,10/16/2025 13:51,DELIVERED
901937,100964,7/14/2025 2:56,SHIPPED
901938,100114,9/13/2024 22:58,DELIVERED
901939,100442,7/19/2025 9:28,SHIPPED
901940,100855,3/12/2025 20:54,CANCELLED
901941,,4/2/2025 13:30,SHIPPED
901942,100668,23-02-2025,PLACED
901943,100886,3/7/2026 8:06,DELIVERED
901944,100040,2/4/2025 23:10,DELIVERED
901945,100718,2/17/2025 5:43,PLACED
901946,,1/3/2025 22:44,RETURNED
901947,100968,5/5/2026,SHIPPED
901948,100273,16-07-2025,DELIVERED
901949,100674,9/14/2025 21:42,DELIVERED
901950,100142,9/17/2025 6:12,DELIVERED
901951,100749,12/30/2024 6:29,CANCELLED
901952,100261,5/20/2025 9:17,DELIVERED
901953,100861,6/11/2025 23:15,DELIVERED
901954,100230,5/29/2026 7:59,DELIVERED
901955,100181,3/24/2026 19:07,DELIVERED
901956,100401,2/12/2026 18:00,DELIVERED
901957,100534,10/13/2024 18:03,DELIVERED
901958,100535,8/11/2025 5:33,DELIVERED
901959,100030,10/8/2024 16:51,DELIVERED
901960,100436,2/18/2026 19:42,DELIVERED
901961,100960,7/18/2024 7:49,DELIVERED
901962,100641,1/11/2025 4:34,SHIPPED
901963,100174,12/3/2025 2:36,DELIVERED
901964,100179,3/27/2025 10:33,PLACED
901965,100920,11/23/2025 2:55,DELIVERED
901966,100057,5/17/2026 5:19,CANCELLED
901967,100167,4/24/2025 19:29,DELIVERED
901968,100888,11/11/2024 7:16,PLACED
901969,100634,10/25/2025 12:00,DELIVERED
901970,100985,2/11/2025 14:36,SHIPPED
901971,100372,2/12/2026 8:48,SHIPPED
901972,100210,11/18/2024 22:25,SHIPPED
901973,100260,10/19/2025 4:12,DELIVERED
901974,100232,7/28/2025 9:26,SHIPPED
901975,100948,5/9/2025 17:19,DELIVERED
901976,100126,4/22/2026 17:13,PLACED
901977,100672,6/7/2026 1:10,DELIVERED
901978,100936,4/19/2025 14:28,CANCELLED
901979,100171,11/19/2025 16:40,RETURNED
901980,100824,27-11-2024,DELIVERED
901981,,6/11/2025,DELIVERED
901982,,8/21/2025 13:22,DELIVERED
901983,100907,6/20/2026 6:27,CANCELLED
901984,100812,1/31/2025 22:52,DELIVERED
901985,100749,10/31/2025 3:32,DELIVERED
901986,100728,4/25/2025 6:18,SHIPPED
901987,100038,4/22/2025 6:25,SHIPPED
901988,100854,4/18/2025 11:18,PLACED
901989,100779,10/18/2024 2:27,SHIPPED
901990,100177,7/16/2025 9:43,DELIVERED
901991,100833,3/10/2025 20:10,PLACED
901992,100521,8/17/2025 11:48,DELIVERED
901993,100450,8/2/2024 23:03,RETURNED
901994,100506,9/4/2024 19:19,RETURNED
901995,100373,11/18/2025 3:14,DELIVERED
901996,100778,8/31/2024 19:02,SHIPPED
901997,100622,8/19/2025 3:33,DELIVERED
901998,100924,11/10/2024 4:17,DELIVERED
901999,100868,3/26/2025 17:48,DELIVERED
902000,100452,1/29/2026 2:04,DELIVERED
902001,100145,19-04-2026,PLACED
902002,100462,6/7/2025 15:27,DELIVERED
902003,100557,3/7/2025 0:53,DELIVERED
902004,,9/19/2025 11:44,DELIVERED
902005,100120,6/25/2026 21:48,DELIVERED
902006,100305,4/18/2026 12:37,DELIVERED
902007,100798,11/18/2024 13:45,RETURNED
902008,100214,8/9/2025 23:11,DELIVERED
902009,100209,11/13/2024 8:01,DELIVERED
902010,100246,9/9/2024 21:56,DELIVERED
902011,100679,4/19/2026 21:31,DELIVERED
902012,100224,7/29/2025 10:09,PLACED
902013,100005,6/21/2025 16:08,SHIPPED
902014,100205,3/30/2026 22:35,DELIVERED
902015,100412,7/25/2025 10:09,DELIVERED
902016,100356,10/20/2024 1:00,SHIPPED
902017,100339,8/13/2025 14:55,RETURNED
902018,100094,6/22/2026 12:31,DELIVERED
902019,100759,2/20/2026 13:41,SHIPPED
902020,100277,15-06-2026,DELIVERED
902021,100298,2/3/2025 0:28,SHIPPED
902022,100257,9/5/2024 4:53,DELIVERED
902023,100255,12/4/2024 15:28,SHIPPED
902024,100035,5/9/2026 11:47,RETURNED
902025,100435,5/31/2026 13:05,DELIVERED
902026,100671,12/14/2024 20:27,SHIPPED
902027,,12/6/2025,CANCELLED
902028,100905,5/25/2025 0:46,DELIVERED
902029,100416,10/11/2025 8:52,SHIPPED
902030,100760,2/1/2026 14:55,DELIVERED
902031,100844,9/13/2024 19:28,DELIVERED
902032,100774,5/28/2026 19:14,DELIVERED
902033,100628,4/27/2025 16:51,DELIVERED
902034,100224,12/29/2024 21:06,DELIVERED
902035,100828,9/13/2025 18:41,DELIVERED
902036,100500,6/9/2025 16:35,DELIVERED
902037,100903,5/9/2025 15:31,SHIPPED
902038,100843,11/6/2025 6:15,CANCELLED
902039,100479,9/11/2024 3:19,SHIPPED
902040,100556,30-05-2025,SHIPPED
902041,100606,12/9/2024 17:52,CANCELLED
902042,100388,8/18/2024 22:15,DELIVERED
902043,100278,8/30/2025 10:10,DELIVERED
902044,100697,7/30/2024 11:20,DELIVERED
902045,100235,3/14/2026 22:03,RETURNED
902046,,1/16/2026 17:41,DELIVERED
902047,100300,9/11/2025 19:51,SHIPPED
902048,100736,10/9/2025 10:23,DELIVERED
902049,100386,9/8/2025 17:25,RETURNED
902050,,4/14/2026 5:42,RETURNED
902051,100691,6/26/2025 14:28,DELIVERED
902052,100330,10/22/2024 4:42,SHIPPED
902053,100264,4/24/2025 8:45,RETURNED
902054,100050,4/22/2026 0:32,DELIVERED
902055,,6/10/2025 7:11,DELIVERED
902056,100286,3/16/2025 17:51,DELIVERED
902057,100480,11/1/2024 14:53,DELIVERED
902058,100545,9/10/2024 22:29,CANCELLED
902059,100980,6/25/2026 19:56,SHIPPED
902060,100982,2/1/2026 8:25,DELIVERED
902061,100302,3/11/2025,DELIVERED
902062,100102,3/9/2025 12:53,DELIVERED
902063,100068,5/20/2025 0:30,DELIVERED
902064,100346,11/25/2024 17:47,CANCELLED
902065,100872,2/3/2025 19:02,DELIVERED
902066,100294,18-11-2025,DELIVERED
902067,100995,8/10/2024 19:59,DELIVERED
902068,100200,7/8/2025 3:04,SHIPPED
902069,100211,7/12/2025 10:32,DELIVERED
902070,100562,8/4/2024 1:36,PLACED
902071,100813,1/8/2025 21:16,SHIPPED
902072,100151,1/1/2026 10:09,PLACED
902073,100675,5/27/2026 3:13,DELIVERED
902074,100346,1/13/2025 6:39,DELIVERED
902075,100868,1/23/2025 10:06,SHIPPED
902076,100471,5/17/2025 8:24,SHIPPED
902077,100993,7/24/2025 20:35,DELIVERED
902078,100568,5/31/2025 12:50,DELIVERED
902079,100092,6/13/2025 9:42,PLACED
902080,100037,8/25/2025 2:36,CANCELLED
902081,100202,5/10/2026 5:19,DELIVERED
902082,100015,11/22/2025 6:17,PLACED
902083,100207,11/12/2024 5:26,SHIPPED
902084,100968,9/28/2024 0:12,DELIVERED
902085,100880,12/31/2025 21:03,CANCELLED
902086,100514,11/14/2025 2:49,DELIVERED
902087,100151,12/5/2025 2:39,SHIPPED
902088,100115,12/7/2024 5:53,DELIVERED
902089,100674,12/6/2024 22:30,DELIVERED
902090,100259,11/6/2025 18:20,DELIVERED
902091,100006,11/21/2024 14:03,DELIVERED
902092,100703,3/7/2025 16:15,DELIVERED
902093,100194,12/20/2025 17:36,DELIVERED
902094,100693,6/24/2025 7:50,DELIVERED
902095,100301,8/10/2024 4:34,PLACED
902096,100913,3/10/2026 23:30,DELIVERED
902097,100621,2/21/2026 12:09,SHIPPED
902098,100013,8/18/2024 11:16,DELIVERED
902099,100217,5/29/2025 0:18,DELIVERED
902100,100311,25-08-2024,DELIVERED
902101,100900,7/29/2024 18:15,DELIVERED
902102,100545,4/13/2026 17:42,PLACED
902103,100378,1/1/2026 3:19,CANCELLED
902104,100858,7/10/2025 11:59,RETURNED
902105,100478,9/8/2024 3:36,DELIVERED
902106,100050,12/23/2024 15:49,SHIPPED
902107,100889,10/16/2024 4:51,SHIPPED
902108,100016,8/12/2024 18:43,PLACED
902109,100462,5/3/2025 8:09,SHIPPED
902110,100519,3/12/2025 2:45,SHIPPED
902111,100127,10/10/2025 16:44,DELIVERED
902112,100588,5/6/2025 21:26,DELIVERED
902113,100768,18-08-2024,SHIPPED
902114,100997,12/4/2026,RETURNED
902115,100600,7/14/2024 0:29,DELIVERED
902116,100633,8/3/2024 10:42,DELIVERED
902117,100809,2/2/2026 17:41,DELIVERED
902118,100162,5/18/2025 3:51,DELIVERED
902119,100820,12/16/2024 0:20,DELIVERED
902120,100119,6/27/2026 23:29,RETURNED
902121,100373,7/26/2024 19:14,SHIPPED
902122,100103,3/14/2026 11:15,SHIPPED
902123,100787,3/22/2026 11:19,DELIVERED
902124,100270,3/26/2026 11:02,DELIVERED
902125,100092,6/30/2025 1:13,DELIVERED
902126,100779,7/2/2025 8:38,PLACED
902127,100690,4/6/2025 3:05,DELIVERED
902128,100129,9/17/2024 6:55,RETURNED
902129,100471,4/9/2025 16:48,DELIVERED
902130,100213,2/22/2025 18:00,DELIVERED
902131,100796,6/7/2026 11:50,SHIPPED
902132,100216,10/8/2025 23:49,DELIVERED
902133,100652,5/2/2025 5:39,DELIVERED
902134,100189,6/7/2026 13:00,DELIVERED
902135,100562,7/7/2025 5:10,DELIVERED
902136,100301,7/27/2025 3:50,SHIPPED
902137,100005,9/20/2024 22:20,CANCELLED
902138,100273,9/16/2024 18:12,DELIVERED
902139,100272,10/31/2025 7:00,SHIPPED
902140,100459,7/6/2025 0:10,DELIVERED
902141,,5/18/2025 22:47,CANCELLED
902142,100746,7/10/2025 19:51,RETURNED
902143,100355,7/25/2024 9:07,RETURNED
902144,100117,12/23/2025 17:19,DELIVERED
902145,100360,6/15/2025 6:23,DELIVERED
902146,100665,18-01-2026,DELIVERED
902147,100571,3/18/2026 6:43,DELIVERED
902148,100662,2/14/2025 9:07,DELIVERED
902149,100645,9/22/2025 14:45,SHIPPED
902150,100060,5/10/2025 22:18,RETURNED
902151,100720,9/15/2025 17:38,DELIVERED
902152,100075,11/7/2025 10:34,DELIVERED
902153,100621,7/9/2024 5:52,DELIVERED
902154,100123,6/18/2025 20:27,DELIVERED
902155,100908,4/23/2026 19:48,PLACED
902156,100292,3/20/2025 20:52,DELIVERED
902157,100666,6/14/2025 10:56,SHIPPED
902158,100657,9/20/2024 19:20,DELIVERED
902159,100618,10/9/2025 10:01,CANCELLED
902160,100572,9/20/2025 22:19,DELIVERED
902161,100449,8/14/2024 13:28,DELIVERED
902162,100592,2/16/2025 9:34,SHIPPED
902163,100976,12/25/2024 18:11,DELIVERED
902164,100506,3/2/2026 10:33,SHIPPED
902165,100894,4/25/2025 0:54,DELIVERED
902166,100265,4/16/2026 4:47,RETURNED
902167,100041,10/2/2026,RETURNED
902168,100862,11/1/2025 5:14,DELIVERED
902169,100443,17-05-2025,DELIVERED
902170,100394,4/13/2026 0:54,DELIVERED
902171,100746,10/13/2025 16:31,SHIPPED
902172,100555,9/4/2025 2:12,SHIPPED
902173,100167,10/22/2024 0:56,DELIVERED
902174,100155,12/25/2025 3:10,DELIVERED
902175,100033,2/14/2025 5:35,RETURNED
902176,100988,4/27/2026 10:42,CANCELLED
902177,100934,8/9/2024 4:01,DELIVERED
902178,,2/3/2025 16:31,SHIPPED
902179,100960,11/5/2025 21:04,DELIVERED
902180,,10/23/2024 4:08,DELIVERED
902181,100530,12/7/2025 15:02,CANCELLED
902182,100658,12/1/2025 9:53,DELIVERED
902183,100488,1/17/2026 3:33,SHIPPED
902184,100640,1/1/2025 16:33,DELIVERED
902185,,5/3/2026 4:50,SHIPPED
902186,100056,4/11/2024,CANCELLED
902187,100115,1/14/2025 23:20,SHIPPED
902188,100390,12/24/2025 11:04,DELIVERED
902189,100936,3/10/2026 19:03,SHIPPED
902190,100745,1/2/2026 20:59,RETURNED
902191,100612,12/13/2025 16:23,DELIVERED
902192,100607,6/22/2026 16:45,DELIVERED
902193,100020,1/20/2026 10:52,DELIVERED
902194,,9/29/2025 2:43,DELIVERED
902195,,10/18/2024 19:11,SHIPPED
902196,100906,2/15/2026 12:06,DELIVERED
902197,100910,2/25/2026 16:42,PLACED
902198,100548,9/18/2024 23:21,CANCELLED
902199,100856,5/24/2025 3:14,DELIVERED
902200,100581,4/15/2026 15:09,DELIVERED
902201,100881,6/2/2026 10:26,DELIVERED
902202,100724,10/27/2024 8:43,SHIPPED
902203,100723,5/30/2025 16:19,DELIVERED
902204,100359,3/15/2026 21:01,PLACED
902205,100929,6/9/2026 23:37,SHIPPED
902206,100900,2/3/2025 5:38,SHIPPED
902207,100384,4/3/2025 23:36,DELIVERED
902208,100011,7/27/2025 19:17,DELIVERED
902209,100205,2/8/2026 17:27,DELIVERED
902210,100359,14-08-2024,DELIVERED
902211,100264,10/4/2024 10:51,DELIVERED
902212,100556,3/11/2026 13:59,CANCELLED
902213,100423,7/7/2024 21:26,SHIPPED
902214,100499,3/9/2026 11:06,SHIPPED
902215,100231,11/17/2025 1:59,DELIVERED
902216,100174,1/3/2026 21:56,DELIVERED
902217,100999,2/3/2025,SHIPPED
902218,100732,8/28/2024 3:28,RETURNED
902219,100446,4/10/2025 14:19,DELIVERED
902220,100556,5/17/2026 23:54,SHIPPED
902221,100342,8/6/2025 23:11,DELIVERED
902222,100722,8/5/2024 17:34,DELIVERED
902223,100241,4/9/2026 16:36,PLACED
902224,,3/22/2026 11:09,DELIVERED
902225,100800,6/7/2025 21:37,SHIPPED
902226,100213,1/6/2026 17:24,PLACED
902227,100206,6/28/2025 2:10,PLACED
902228,100210,3/10/2026 16:08,DELIVERED
902229,100384,10/3/2024 9:35,DELIVERED
902230,100482,4/16/2026 8:35,CANCELLED
902231,100179,10/27/2024 13:45,CANCELLED
902232,100647,2/16/2025 15:06,DELIVERED
902233,100209,4/27/2026 8:55,DELIVERED
902234,100693,8/15/2024 19:50,PLACED
902235,100753,5/4/2026 21:31,RETURNED
902236,100960,1/11/2025 21:03,SHIPPED
902237,100864,4/24/2026 10:04,SHIPPED
902238,100054,11/17/2024 2:28,PLACED
902239,100098,5/23/2025 4:07,DELIVERED
902240,100689,7/23/2025 6:23,DELIVERED
902241,100039,2/16/2026 17:07,DELIVERED
902242,100094,6/22/2026 15:37,PLACED
902243,100307,6/21/2026 12:15,DELIVERED
902244,100345,10/9/2024 17:16,DELIVERED
902245,100481,11/19/2024 10:39,RETURNED
902246,100262,12/5/2025 1:25,RETURNED
902247,100880,4/19/2025 23:23,DELIVERED
902248,100787,10/21/2024 7:38,DELIVERED
902249,100937,11/13/2025 8:31,DELIVERED
902250,100508,5/30/2025 11:11,DELIVERED
902251,100928,2/15/2026 20:00,DELIVERED
902252,100639,9/22/2025 0:47,DELIVERED
902253,100817,11/18/2024 5:08,PLACED
902254,,9/29/2025 4:39,RETURNED
902255,100220,4/4/2025 22:32,DELIVERED
902256,100180,26-10-2024,SHIPPED
902257,100707,11/26/2025 15:38,DELIVERED
902258,100123,7/22/2024 1:28,PLACED
902259,100910,4/5/2026 23:38,DELIVERED
902260,100064,12/1/2024 12:51,DELIVERED
902261,100444,2/15/2025 22:09,DELIVERED
902262,,7/11/2024 19:29,SHIPPED
902263,100650,2/28/2025 4:11,SHIPPED
902264,100645,12/30/2025 7:13,DELIVERED
902265,100725,5/10/2026 6:24,DELIVERED
902266,100527,11/14/2025 17:17,DELIVERED
902267,100688,2/16/2026 5:56,DELIVERED
902268,100718,8/5/2025 22:36,DELIVERED
902269,100815,5/26/2025 14:36,SHIPPED
902270,100729,9/13/2024 0:59,DELIVERED
902271,100869,4/26/2025 19:57,DELIVERED
902272,100474,11/15/2024 14:04,RETURNED
902273,100041,12/5/2024 16:22,CANCELLED
902274,100256,5/19/2026 12:43,DELIVERED
902275,100565,7/12/2024 2:18,PLACED
902276,100871,5/2/2026 2:57,DELIVERED
902277,100014,4/26/2025 7:03,PLACED
902278,100547,10/7/2024 0:35,DELIVERED
902279,100510,6/3/2025 15:16,DELIVERED
902280,100257,8/14/2024 16:45,DELIVERED
902281,100732,5/27/2026 8:52,CANCELLED
902282,100323,10/7/2025 9:20,DELIVERED
902283,100172,9/30/2024 10:58,SHIPPED
902284,100554,4/23/2025 2:48,SHIPPED
902285,100783,12/1/2024 2:46,DELIVERED
902286,100255,9/9/2025 12:26,SHIPPED
902287,100452,5/21/2025 10:03,DELIVERED
902288,100525,3/17/2025 12:49,DELIVERED
902289,100323,6/3/2025 17:09,DELIVERED
902290,100981,3/28/2025 17:33,DELIVERED
902291,100094,3/20/2026 13:25,CANCELLED
902292,100994,4/8/2026 13:52,RETURNED
902293,100233,8/25/2024 3:36,SHIPPED
902294,100843,5/8/2025 23:24,DELIVERED
902295,100608,2/5/2025 11:37,CANCELLED
902296,100310,9/30/2024 20:32,CANCELLED
902297,100989,22-05-2025,DELIVERED
902298,100775,5/27/2025 18:48,DELIVERED
902299,100408,21-11-2024,DELIVERED
902300,100259,4/7/2026 19:05,PLACED
902301,100959,2/8/2026 6:02,PLACED
902302,100909,2/14/2025 0:54,DELIVERED
902303,100976,10/4/2025 22:20,DELIVERED
902304,100548,9/10/2024 15:31,DELIVERED
902305,100273,10/1/2024 21:30,DELIVERED
902306,100829,8/21/2024 23:12,PLACED
902307,100192,5/27/2025 13:02,SHIPPED
902308,100839,5/15/2025 13:06,SHIPPED
902309,100411,7/3/2025 10:16,CANCELLED
902310,100054,4/21/2025 18:50,DELIVERED
902311,,12/23/2024 10:05,DELIVERED
902312,100037,12/1/2025 4:55,DELIVERED
902313,100769,10/18/2025 11:13,DELIVERED
902314,100128,7/15/2025 14:08,DELIVERED
902315,100764,11/23/2024 14:10,DELIVERED
902316,100957,7/11/2024 16:17,SHIPPED
902317,100868,4/11/2026 4:38,DELIVERED
902318,100111,3/9/2026 18:10,SHIPPED
902319,100883,6/11/2026 14:04,DELIVERED
902320,100037,14-03-2025,SHIPPED
902321,100816,10/18/2025 15:58,DELIVERED
902322,100456,8/18/2025 3:33,SHIPPED
902323,100601,12/17/2025 14:55,PLACED
902324,100796,9/6/2024 18:28,DELIVERED
902325,,4/19/2025 20:06,SHIPPED
902326,100538,10/29/2024 3:58,DELIVERED
902327,100239,5/2/2025 19:55,DELIVERED
902328,100515,10/8/2024 21:26,DELIVERED
902329,100519,3/1/2025 5:39,SHIPPED
902330,100992,3/5/2026 19:59,SHIPPED
902331,100196,2/2/2025 9:20,PLACED
902332,100115,4/4/2026 11:46,DELIVERED
902333,100071,1/24/2026 4:07,SHIPPED
902334,100642,10/9/2025,PLACED
902335,100930,27-09-2025,DELIVERED
902336,100847,10/3/2025 23:41,DELIVERED
902337,100836,11/10/2024 18:40,PLACED
902338,100728,1/8/2025 17:16,SHIPPED
902339,100555,7/7/2025 15:33,DELIVERED
902340,100781,7/18/2024 18:51,SHIPPED
902341,100700,12/7/2025 8:25,RETURNED
902342,100924,2/10/2026 5:41,DELIVERED
902343,100941,1/23/2025 19:35,DELIVERED
902344,,8/2/2025 22:07,DELIVERED
902345,100716,7/5/2025 5:42,DELIVERED
902346,100157,4/8/2026 7:04,DELIVERED
902347,100177,4/6/2026 15:13,RETURNED
902348,100606,5/15/2025 3:45,SHIPPED
902349,100789,7/21/2024 22:38,SHIPPED
902350,100613,7/4/2026 11:04,DELIVERED
902351,100936,12/21/2025 7:33,SHIPPED
902352,100010,11/29/2025 0:38,DELIVERED
902353,100985,11/17/2025 15:49,SHIPPED
902354,100600,9/12/2024 22:42,CANCELLED
902355,100518,10/15/2025 11:22,DELIVERED
902356,100503,7/2/2026 1:21,SHIPPED
902357,100653,2/18/2025 18:34,SHIPPED
902358,100308,12/2/2024 8:03,RETURNED
902359,100652,4/4/2025 15:28,DELIVERED
902360,100633,11/2/2025 18:39,DELIVERED
902361,100045,11/20/2025 6:50,SHIPPED
902362,100817,6/4/2025 2:45,DELIVERED
902363,100635,5/19/2025 17:46,DELIVERED
902364,100430,4/17/2025 11:11,SHIPPED
902365,100341,12/19/2024 3:18,DELIVERED
902366,100639,2/17/2025 13:26,SHIPPED
902367,100735,9/29/2024 2:38,CANCELLED
902368,100685,1/5/2026 12:58,DELIVERED
902369,100942,1/13/2026 10:24,CANCELLED
902370,100889,5/22/2026 0:40,SHIPPED
902371,100477,11/2/2025 3:55,CANCELLED
902372,100476,8/27/2025 20:27,CANCELLED
902373,100070,10/12/2025 9:51,CANCELLED
902374,100540,12/29/2024 9:58,PLACED
902375,,10/8/2025 1:46,DELIVERED
902376,100051,7/12/2025 17:39,DELIVERED
902377,100196,6/30/2026 17:09,RETURNED
902378,100440,3/4/2025 21:31,DELIVERED
902379,100039,4/14/2025 19:29,DELIVERED
902380,100482,7/7/2026 6:59,DELIVERED
902381,100773,12/23/2025 10:10,SHIPPED
902382,100672,8/3/2024 8:28,DELIVERED
902383,100612,7/7/2025 3:08,DELIVERED
902384,100961,7/15/2025 12:33,DELIVERED
902385,100981,11/2/2025 10:50,SHIPPED
902386,100739,2/21/2026 5:40,PLACED
902387,100837,8/17/2024 8:01,DELIVERED
902388,,2/9/2025 21:43,DELIVERED
902389,100990,9/2/2024 16:17,DELIVERED
902390,100722,12/11/2024 15:04,SHIPPED
902391,100862,7/6/2025 6:04,DELIVERED
902392,,2/10/2025 9:16,DELIVERED
902393,100203,4/25/2026 19:17,DELIVERED
902394,100614,5/2/2025 5:09,DELIVERED
902395,100553,1/9/2024,SHIPPED
902396,100506,12/23/2025 21:16,SHIPPED
902397,100099,11/10/2024 10:26,DELIVERED
902398,100248,12/5/2024 12:02,RETURNED
902399,100921,9/12/2024 16:49,DELIVERED
902400,100049,10/26/2024 19:56,DELIVERED
902401,100228,7/27/2025 14:36,PLACED
902402,100204,1/4/2026 1:24,PLACED
902403,100687,3/28/2025 5:57,DELIVERED
902404,100389,10/18/2024 15:45,DELIVERED
902405,100141,3/1/2025 9:24,RETURNED
902406,100464,5/15/2025 21:00,PLACED
902407,100773,6/10/2024,SHIPPED
902408,100721,9/2/2024 18:40,RETURNED
902409,100052,3/1/2025 13:07,SHIPPED
902410,100596,3/28/2026 7:26,DELIVERED
902411,100384,4/27/2025 14:24,DELIVERED
902412,100424,12/20/2025 3:58,DELIVERED
902413,100807,4/4/2025,DELIVERED
902414,100961,6/26/2026 9:32,PLACED
902415,100342,1/18/2025 5:39,DELIVERED
902416,100452,6/13/2025 20:55,DELIVERED
902417,100908,10/31/2024 13:57,DELIVERED
902418,100049,1/15/2026 6:31,SHIPPED
902419,100936,5/29/2026 2:08,DELIVERED
902420,100769,4/26/2026 7:51,DELIVERED
902421,100223,1/12/2026 16:14,DELIVERED
902422,100239,10/13/2024 5:16,DELIVERED
902423,100239,12/11/2025 8:07,SHIPPED
902424,100832,2/20/2026 4:03,DELIVERED
902425,100329,1/15/2026 5:08,SHIPPED
902426,,8/23/2024 18:56,SHIPPED
902427,100312,2/14/2025 0:42,SHIPPED
902428,100870,3/29/2025 1:48,DELIVERED
902429,100410,1/22/2025 23:12,SHIPPED
902430,100138,12/26/2024 17:16,RETURNED
902431,100967,2/18/2026 5:04,SHIPPED
902432,100872,8/16/2025 13:20,DELIVERED
902433,100376,13-04-2025,CANCELLED
902434,100104,10/2/2025 16:47,DELIVERED
902435,100896,2/25/2025 4:07,PLACED
902436,100731,7/14/2024 3:30,DELIVERED
902437,100730,11/23/2025 16:19,DELIVERED
902438,100580,5/18/2025 0:38,DELIVERED
902439,100546,10/12/2025 4:36,RETURNED
902440,100666,4/4/2025 18:49,DELIVERED
902441,100973,7/6/2025 19:38,DELIVERED
902442,100708,29-08-2025,DELIVERED
902443,100060,15-12-2024,DELIVERED
902444,100750,12/6/2024 11:06,DELIVERED
902445,100095,10/13/2025 0:47,PLACED
902446,100561,8/21/2025 0:55,SHIPPED
902447,,6/21/2025 3:02,DELIVERED
902448,100484,3/24/2025 7:50,DELIVERED
902449,100280,11/28/2025 3:24,DELIVERED
902450,100630,5/10/2026 14:25,CANCELLED
902451,100993,9/5/2024 19:29,DELIVERED
902452,100117,3/31/2026 8:46,DELIVERED
902453,100536,8/31/2025 11:01,DELIVERED
902454,100541,1/7/2026 17:41,SHIPPED
902455,100660,9/10/2025 14:22,PLACED
902456,100470,11/25/2025 1:38,DELIVERED
902457,100362,10/10/2025 16:19,PLACED
902458,100930,10/23/2025 3:49,SHIPPED
902459,100197,7/5/2025 21:21,RETURNED
902460,100105,5/21/2025 4:01,DELIVERED
902461,100014,10/24/2025 1:58,SHIPPED
902462,100682,9/17/2025 1:40,DELIVERED
902463,100334,12/7/2024 3:26,DELIVERED
902464,100328,6/25/2026 0:10,SHIPPED
902465,100061,6/15/2025 4:57,DELIVERED
902466,100722,4/17/2026 10:47,DELIVERED
902467,100266,3/2/2025 11:22,DELIVERED
902468,100108,1/26/2026 2:57,SHIPPED
902469,100953,11/27/2025 0:15,DELIVERED
902470,100619,2/5/2025 14:19,PLACED
902471,100247,11/21/2025 23:37,CANCELLED
902472,100852,10/15/2024 5:30,DELIVERED
902473,100595,1/11/2026 22:53,RETURNED
902474,100270,2/12/2026 19:15,DELIVERED
902475,100502,10/6/2025 3:08,PLACED
902476,100316,3/17/2026 5:33,SHIPPED
902477,100995,1/31/2025 10:26,DELIVERED
902478,100072,7/1/2025 9:47,DELIVERED
902479,100925,11/18/2024 11:23,DELIVERED
902480,100956,5/1/2026 8:45,RETURNED
902481,100645,6/28/2026 20:03,DELIVERED
902482,100273,4/24/2025 1:11,DELIVERED
902483,100612,7/23/2024 14:13,DELIVERED
902484,100714,2/9/2025 0:01,DELIVERED
902485,100150,5/6/2026 21:32,CANCELLED
902486,100973,25-11-2024,DELIVERED
902487,100199,10/22/2024 9:38,CANCELLED
902488,100879,5/5/2025 13:43,SHIPPED
902489,100879,1/31/2025 16:28,DELIVERED
902490,100505,4/6/2025 0:18,DELIVERED
902491,100461,10/9/2025,SHIPPED
902492,100278,6/10/2026 23:24,RETURNED
902493,100395,2/13/2025 19:49,SHIPPED
902494,,1/13/2026 10:33,DELIVERED
902495,,5/5/2025,DELIVERED
902496,100006,10/19/2025 11:07,DELIVERED
902497,100720,6/4/2025 13:47,DELIVERED
902498,100267,4/19/2026 22:17,DELIVERED
902499,100210,1/16/2026 22:15,DELIVERED
902500,100749,11/14/2025 22:30,DELIVERED
