customer_id,customer_name,city,age,email,phone
201,Sneha Patel,Hyderabad,35,customer201@example.com,9368018471
202,Vihaan Sharma,Kolkata,29,customer202@example.com,9635844374
203,Meera Jain,Patna,53,customer203@example.com,9226444910
204,Nitesh Soni,Indore,46,customer204@example.com,9330393232
205,Ishita Yadav,Kolkata,49,customer205@example.com,9314939857
206,Vihaan Gupta,Nagpur,22,customer206@example.com,9585377142
207,Krishna Kumar,Kolkata,46,customer207@example.com,9194264587
208,Riya Kapoor,Ahmedabad,60,customer208@example.com,9473045064
209,Mohit Verma,Bhopal,52,customer209@example.com,9411774120
210,Aman Kapoor,Mumbai,58,customer210@example.com,9286928799
211,Neha Agarwal,Pune,25,customer211@example.com,9315801027
212,Arjun Singh,Surat,49,customer212@example.com,9128222260
213,Neha Agarwal,Chennai,41,customer213@example.com,9601873197
214,Ritika Gupta,Chennai,23,customer214@example.com,9170596494
215,Aman Jain,Kolkata,48,customer215@example.com,9664461415
216,Pooja Soni,Noida,54,customer216@example.com,9179189225
217,Arjun Patel,Hyderabad,22,customer217@example.com,9583156434
218,Karan Joshi,Bhopal,40,customer218@example.com,9237798236
219,Saurabh Agarwal,Hyderabad,55,customer219@example.com,9295381429
220,Saurabh Gupta,Noida,50,customer220@example.com,9159499094
221,Vihaan Agarwal,Mumbai,37,customer221@example.com,9276799196
222,Krishna Patel,Patna,32,customer222@example.com,9471539452
223,Meera Kumar,Indore,23,customer223@example.com,9369085407
224,Rohan Joshi,Bhopal,35,customer224@example.com,9234400576
225,Ananya Yadav,Chennai,52,customer225@example.com,9200317984
226,Meera Joshi,Mumbai,55,customer226@example.com,9723464439
227,Arjun Gupta,Hyderabad,57,customer227@example.com,9873773537
228,Ishita Patel,Nagpur,54,customer228@example.com,9144232045
229,Aarav Verma,Jaipur,59,customer229@example.com,9927878967
230,Sakshi Yadav,Hyderabad,31,customer230@example.com,9923515952
231,Sakshi Jain,Chennai,58,customer231@example.com,9132519237
232,Ankit Kumar,Hyderabad,52,customer232@example.com,9411032572
233,Ananya Yadav,Lucknow,33,customer233@example.com,9964027324
234,Riya Jain,Indore,47,customer234@example.com,9178354184
235,Mohit Sharma,Mumbai,46,customer235@example.com,9546270451
236,Ankit Mehta,Pune,39,customer236@example.com,9751396498
237,Arjun Patel,Nagpur,38,customer237@example.com,9888340979
238,Neha Jain,Mumbai,41,customer238@example.com,9652955706
239,Ritika Verma,Ahmedabad,33,customer239@example.com,9600871106
240,Vihaan Yadav,Lucknow,33,customer240@example.com,9251266214
241,Vihaan Sharma,Indore,42,customer241@example.com,9760756497
242,Pooja Singh,Nagpur,28,customer242@example.com,9973465185
243,Priya Kumar,Chennai,38,customer243@example.com,9303832812
244,Saurabh Gupta,Lucknow,50,customer244@example.com,9601238919
245,Ankit Kumar,Indore,49,customer245@example.com,9124885365
246,Aditya Jain,Bhopal,47,customer246@example.com,9358480413
247,Rohan Chauhan,Ahmedabad,21,customer247@example.com,9154267347
248,Aman Mehta,Chennai,59,customer248@example.com,9822113500
249,Ankit Yadav,Bhopal,18,customer249@example.com,9215424112
250,Pooja Gupta,Patna,34,customer250@example.com,9881155839
251,Neha Soni,Noida,41,customer251@example.com,9148578655
252,Sneha Sharma,Chennai,53,customer252@example.com,9309009538
253,Neha Agarwal,Indore,22,customer253@example.com,9514838889
254,Meera Mehta,Surat,53,customer254@example.com,9400347789
255,Ishita Joshi,Chennai,25,customer255@example.com,9238151258
256,Vihaan Jain,Ahmedabad,39,customer256@example.com,9698967370
257,Neha Soni,Mumbai,30,customer257@example.com,9746889670
258,Meera Jain,Bhopal,20,customer258@example.com,9148644109
259,Vivaan Gupta,Kolkata,39,customer259@example.com,9963251765
260,Ankit Agarwal,Lucknow,27,customer260@example.com,9750967273
261,Meera Gupta,Ahmedabad,57,customer261@example.com,9442019016
262,Krishna Jain,Chennai,37,customer262@example.com,9737506993
263,Priya Agarwal,Nagpur,50,customer263@example.com,9671595541
264,Ankit Mishra,Chennai,37,customer264@example.com,9609912042
265,Aarav Patel,Ahmedabad,25,customer265@example.com,9547256709
266,Sakshi Yadav,Surat,58,customer266@example.com,9128612164
267,Ishita Mehta,Indore,59,customer267@example.com,9940636753
268,Saurabh Chauhan,Chennai,32,customer268@example.com,9874597473
269,Vivaan Chauhan,Lucknow,28,customer269@example.com,9662890182
270,Ananya Mishra,Chennai,42,customer270@example.com,9258672959
271,Riya Singh,Jaipur,54,customer271@example.com,9852178601
272,Vihaan Singh,Jaipur,46,customer272@example.com,9436824737
273,Pooja Gupta,Noida,31,customer273@example.com,9540639384
274,Meera Soni,Chennai,48,customer274@example.com,9890099255
275,Deepak Sharma,Kolkata,26,customer275@example.com,9656931857
276,Rohan Agarwal,Ahmedabad,60,customer276@example.com,9613646933
277,Meera Jain,Ahmedabad,29,customer277@example.com,9593559955
278,Ritika Patel,Bhopal,40,customer278@example.com,9825708356
279,Saurabh Kapoor,Kolkata,59,customer279@example.com,9962915335
280,Mohit Yadav,Chennai,48,customer280@example.com,9306442077
281,Rahul Yadav,Bhopal,37,customer281@example.com,9341449138
282,Aman Soni,Indore,31,customer282@example.com,9841139461
283,Mohit Mehta,Ahmedabad,48,customer283@example.com,9474524558
284,Ritika Kumar,Patna,35,customer284@example.com,9409011489
285,Vihaan Chauhan,Hyderabad,52,customer285@example.com,9507693523
286,Sneha Kapoor,Ahmedabad,27,customer286@example.com,9411871167
287,Vivaan Yadav,Kolkata,23,customer287@example.com,9471904990
288,Karan Joshi,Indore,48,customer288@example.com,9329766590
289,Rohan Kapoor,Bhopal,35,customer289@example.com,9703462253
290,Mohit Yadav,Mumbai,24,customer290@example.com,9761078179
291,Deepak Chauhan,Pune,33,customer291@example.com,9154508960
292,Riya Kumar,Bhopal,32,customer292@example.com,9784987769
293,Rahul Sharma,Delhi,44,customer293@example.com,9454650074
294,Mohit Mehta,Delhi,26,customer294@example.com,9105563528
295,Ritika Kumar,Mumbai,44,customer295@example.com,9801038300
296,Ankit Mehta,Hyderabad,30,customer296@example.com,9911653317
297,Aman Patel,Indore,59,customer297@example.com,9163525343
298,Saurabh Verma,Hyderabad,54,customer298@example.com,9349344539
299,Ritika Mishra,Kolkata,20,customer299@example.com,9287974375
300,Pooja Kumar,Nagpur,29,customer300@example.com,9139019611
501,Sneha Soni,Lucknow,29,customer501@example.com,9904236062
502,Aman Kumar,Jaipur,18,customer502@example.com,9420396197
503,Sakshi Chauhan,Delhi,39,customer503@example.com,9405545745
504,Karan Joshi,Bhopal,51,customer504@example.com,9630334421
505,Arjun Kapoor,Bhopal,47,customer505@example.com,9392956587
506,Rohan Soni,Delhi,39,customer506@example.com,9274476883
507,Deepak Mehta,Hyderabad,34,customer507@example.com,9871588919
508,Krishna Sharma,Kolkata,39,customer508@example.com,9949080318
509,Aman Chauhan,Hyderabad,30,customer509@example.com,9288436227
510,Ishita Kapoor,Hyderabad,43,customer510@example.com,9987973565
511,Pooja Agarwal,Ahmedabad,23,customer511@example.com,9530391423
512,Riya Verma,Mumbai,26,customer512@example.com,9612662437
513,Priya Kumar,Pune,18,customer513@example.com,9380016058
514,Sneha Singh,Lucknow,35,customer514@example.com,9453932473
515,Aman Chauhan,Kolkata,54,customer515@example.com,9112279027
516,Nitesh Joshi,Ahmedabad,33,customer516@example.com,9166705490
517,Riya Verma,Lucknow,37,customer517@example.com,9271494637
518,Sneha Joshi,Bhopal,37,customer518@example.com,9841193655
519,Vihaan Joshi,Patna,36,customer519@example.com,9494647257
520,Ishita Singh,Pune,26,customer520@example.com,9613443905
521,Arjun Mehta,Kolkata,56,customer521@example.com,9501176618
522,Pooja Mishra,Bhopal,48,customer522@example.com,9913198930
523,Ritika Soni,Hyderabad,31,customer523@example.com,9918040539
524,Rahul Joshi,Surat,56,customer524@example.com,9945432844
525,Aditya Agarwal,Lucknow,51,customer525@example.com,9855663125
526,Neha Verma,Patna,54,customer526@example.com,9220483278
527,Vivaan Kapoor,Bhopal,50,customer527@example.com,9317064188
528,Sakshi Agarwal,Mumbai,28,customer528@example.com,9452313624
529,Meera Mehta,Delhi,31,customer529@example.com,9869784803
530,Sakshi Mehta,Delhi,50,customer530@example.com,9578333394
531,Vivaan Mehta,Mumbai,50,customer531@example.com,9546058739
532,Karan Chauhan,Jaipur,53,customer532@example.com,9596474925
533,Riya Soni,Indore,19,customer533@example.com,9525146690
534,Nitesh Kapoor,Jaipur,31,customer534@example.com,9720956992
535,Aditya Sharma,Noida,40,customer535@example.com,9852032540
536,Aditya Agarwal,Jaipur,22,customer536@example.com,9606882594
537,Vivaan Yadav,Noida,29,customer537@example.com,9925677464
538,Arjun Soni,Hyderabad,59,customer538@example.com,9551360199
539,Neha Kumar,Noida,46,customer539@example.com,9505333621
540,Sneha Verma,Hyderabad,60,customer540@example.com,9679069250
541,Arjun Joshi,Nagpur,40,customer541@example.com,9227381397
542,Krishna Agarwal,Noida,51,customer542@example.com,9236737888
543,Deepak Singh,Nagpur,18,customer543@example.com,9911941471
544,Aarav Yadav,Lucknow,52,customer544@example.com,9555404004
545,Ritika Jain,Nagpur,32,customer545@example.com,9365764028
546,Karan Patel,Mumbai,35,customer546@example.com,9302379343
547,Deepak Soni,Delhi,20,customer547@example.com,9969170578
548,Riya Jain,Chennai,19,customer548@example.com,9358413465
549,Rohan Verma,Delhi,56,customer549@example.com,9136052248
550,Karan Chauhan,Hyderabad,21,customer550@example.com,9362781292
551,Deepak Sharma,Noida,46,customer551@example.com,9351619881
552,Ritika Singh,Surat,21,customer552@example.com,9250469429
553,Meera Yadav,Pune,54,customer553@example.com,9442420233
554,Sakshi Chauhan,Surat,38,customer554@example.com,9354373770
555,Aman Kumar,Mumbai,60,customer555@example.com,9659689063
556,Rahul Jain,Indore,35,customer556@example.com,9165452764
557,Ritika Chauhan,Patna,29,customer557@example.com,9772155012
558,Riya Jain,Bhopal,49,customer558@example.com,9150341410
559,Neha Joshi,Hyderabad,42,customer559@example.com,9943751263
560,Meera Patel,Kolkata,44,customer560@example.com,9538364955
561,Arjun Yadav,Noida,29,customer561@example.com,9910048118
562,Ritika Mehta,Pune,32,customer562@example.com,9422913264
563,Mohit Gupta,Surat,47,customer563@example.com,9161873231
564,Ritika Jain,Noida,53,customer564@example.com,9669074377
565,Arjun Jain,Pune,34,customer565@example.com,9318331154
566,Priya Joshi,Delhi,46,customer566@example.com,9498441427
567,Aditya Agarwal,Kolkata,30,customer567@example.com,9155337035
568,Nitesh Jain,Hyderabad,56,customer568@example.com,9747382621
569,Vivaan Kapoor,Delhi,30,customer569@example.com,9963987020
570,Saurabh Chauhan,Kolkata,60,customer570@example.com,9700061135
571,Rohan Mehta,Pune,39,customer571@example.com,9425545658
572,Aarav Singh,Patna,30,customer572@example.com,9896152940
573,Vihaan Mishra,Surat,48,customer573@example.com,9360482447
574,Mohit Chauhan,Kolkata,31,customer574@example.com,9525880424
575,Rahul Agarwal,Ahmedabad,36,customer575@example.com,9508732434
576,Karan Agarwal,Hyderabad,40,customer576@example.com,9431165907
577,Nitesh Patel,Bhopal,49,customer577@example.com,9600368062
578,Vihaan Soni,Kolkata,48,customer578@example.com,9917792874
579,Priya Kumar,Pune,41,customer579@example.com,9435997460
580,Pooja Sharma,Chennai,32,customer580@example.com,9895913682
581,Arjun Sharma,Indore,53,customer581@example.com,9727099478
582,Sakshi Mishra,Noida,36,customer582@example.com,9263650505
583,Rohan Patel,Pune,42,customer583@example.com,9711806831
584,Rahul Mehta,Bhopal,59,customer584@example.com,9835348453
585,Priya Yadav,Surat,49,customer585@example.com,9876914430
586,Ananya Mishra,Lucknow,47,customer586@example.com,9280639501
587,Deepak Soni,Ahmedabad,28,customer587@example.com,9250279322
588,Deepak Agarwal,Lucknow,29,customer588@example.com,9682115008
589,Ananya Sharma,Bhopal,20,customer589@example.com,9179811669
590,Riya Sharma,Surat,18,customer590@example.com,9542802779
591,Arjun Kapoor,Hyderabad,32,customer591@example.com,9172980019
592,Mohit Gupta,Jaipur,31,customer592@example.com,9643026584
593,Karan Patel,Jaipur,57,customer593@example.com,9784755860
594,Riya Kumar,Chennai,48,customer594@example.com,9807901168
595,Ankit Sharma,Jaipur,52,customer595@example.com,9692322761
596,Pooja Sharma,Jaipur,51,customer596@example.com,9875448533
597,Nitesh Agarwal,Indore,19,customer597@example.com,9639250352
598,Mohit Joshi,Noida,29,customer598@example.com,9214908010
599,Vihaan Agarwal,Mumbai,33,customer599@example.com,9306085476
600,Ishita Agarwal,Indore,40,customer600@example.com,9387037751
