product_id,category,price,base_price,amount,status,region,priority,old_name,user_id,order_date
P0001,Electronics,222.55,188.6,2822.79,Pending,South,Low,Item_1,81482,2025-02-14
P0002,Sports,2167.42,1836.8,394.99,Pending,South,Low,Item_2,83563,2025-04-12
P0003,Sports,2155.65,1826.82,4547.17,Cancelled,North,High,Item_3,54597,2025-05-23
P0004,Furniture,1155.04,978.85,7658.59,Completed,North,Medium,Item_4,55082,2025-11-06
P0005,Clothing,4054.93,3436.38,7324.34,Completed,West,High,Item_5,92397,2025-11-13
P0006,Clothing,2929.03,2482.23,7075.26,Completed,South,Medium,Item_6,40512,2025-02-21
P0007,Books,1462.07,1239.04,6393.28,Cancelled,South,Medium,Item_7,97841,2025-05-17
P0008,Electronics,3084.74,2614.19,1794.27,Pending,South,Medium,Item_8,93886,2025-12-19
P0009,Sports,1176.11,996.7,3310.4,Completed,South,High,Item_9,62581,2025-05-18
P0010,Electronics,1133.82,960.86,9434.81,Cancelled,South,Low,Item_10,94259,2025-08-23
P0011,Furniture,1397.91,1184.67,2541.61,Cancelled,West,Low,Item_11,38746,2025-03-12
P0012,Sports,2518.23,2134.09,7582.24,Completed,South,Low,Item_12,99192,2025-08-05
P0013,Sports,411.29,348.55,3878.03,Processing,East,Low,Item_13,11504,2025-12-15
P0014,Electronics,3440.38,2915.58,5416.01,Cancelled,East,High,Item_14,30730,2025-08-21
P0015,Electronics,4773.70,4045.51,8770.94,Cancelled,South,Low,Item_15,91959,2025-06-02
P0016,Sports,3083.95,2613.52,1613.11,Pending,North,Low,Item_16,12552,2025-02-27
P0017,Clothing,4405.74,3733.68,8333.49,Cancelled,South,High,Item_17,84364,2025-02-10
P0018,Electronics,3686.35,3124.03,8178.63,Pending,South,Low,Item_18,82063,2025-03-26
P0019,Clothing,2685.60,2275.93,6105.28,Pending,South,Low,Item_19,98039,2025-11-29
P0020,Clothing,2246.69,1903.97,5224,Completed,South,High,Item_20,12757,2025-10-29
P0021,Sports,1227.56,1040.31,2280.15,Completed,North,High,Item_21,14117,2025-06-19
P0022,Electronics,2619.36,2219.8,2856.92,Processing,South,Low,Item_22,84847,2025-10-23
P0023,Books,1290.69,1093.81,4782.43,Processing,South,High,Item_23,66498,2025-07-01
P0024,Books,2114.40,1791.86,8651.98,Completed,North,High,Item_24,54473,2025-02-25
P0025,Furniture,1038.79,880.33,5409.23,Pending,West,High,Item_25,42742,2025-02-08
P0026,Books,4059.31,3440.09,8574.07,Completed,North,Low,Item_26,11934,2025-02-17
P0027,Furniture,914.92,775.36,4907.85,Pending,West,High,Item_27,10282,2025-07-19
P0028,Clothing,4639.94,3932.15,7872.78,Cancelled,West,Low,Item_28,82845,2025-12-05
P0029,Books,858.50,727.54,3037.41,Completed,North,Low,Item_29,16572,2025-10-27
P0030,Books,2563.97,2172.86,8541.93,Pending,North,Low,Item_30,34356,2025-02-05
P0031,Sports,433.01,366.96,8632.01,Processing,North,Low,Item_31,87924,2025-01-21
P0032,Sports,501.72,425.19,6607.99,Cancelled,East,High,Item_32,51180,2025-05-03
P0033,Clothing,2039.35,1728.26,6749.73,Cancelled,West,Medium,Item_33,19508,2025-01-05
P0034,Books,3143.68,2664.14,5673.64,Completed,North,Low,Item_34,44760,2025-03-09
P0035,Clothing,4416.23,3742.57,8804.78,Cancelled,East,High,Item_35,81200,2025-12-27
P0036,Clothing,3097.22,2624.76,9873.61,Completed,East,Low,Item_36,27601,2025-05-16
P0037,Electronics,4459.59,3779.31,7449.93,Pending,East,Medium,Item_37,54942,2025-04-15
P0038,Clothing,2576.50,2183.47,2586.1,Completed,North,Low,Item_38,46265,2025-01-23
P0039,Electronics,1734.43,1469.86,1395.11,Cancelled,South,Low,Item_39,66057,2025-10-15
P0040,Electronics,648.18,549.31,9456,Pending,North,Medium,Item_40,29410,2025-08-09
P0041,Furniture,304.96,258.44,3710.05,Completed,East,High,Item_41,97416,2025-02-22
P0042,Clothing,3922.57,3324.21,8852.93,Processing,South,High,Item_42,33206,2025-07-31
P0043,Electronics,978.87,829.55,9252.42,Processing,South,Medium,Item_43,24168,2025-07-15
P0044,Electronics,4307.11,3650.09,2302.09,Processing,East,Medium,Item_44,39831,2025-04-25
P0045,Electronics,3334.16,2825.56,4044.81,Cancelled,North,Medium,Item_45,76768,2025-07-24
P0046,Sports,1722.63,1459.86,373.25,Cancelled,South,Low,Item_46,44795,2025-01-20
P0047,Electronics,3023.20,2562.03,3522.3,Cancelled,West,Low,Item_47,25157,2025-07-17
P0048,Sports,1031.39,874.06,539.43,Processing,North,Low,Item_48,80575,2025-12-18
P0049,Furniture,1884.69,1597.19,792.74,Cancelled,East,Low,Item_49,49363,2025-09-17
P0050,Clothing,3367.78,2854.05,3329.21,Cancelled,South,High,Item_50,59695,2025-12-13
P0051,Furniture,3116.02,2640.69,3079.4,Completed,East,Medium,Item_51,86019,2025-11-07
P0052,Clothing,2378.44,2015.63,4477.38,Pending,West,Low,Item_52,21114,2025-05-26
P0053,Sports,3352.88,2841.42,6230.68,Completed,South,Low,Item_53,36100,2025-03-17
P0054,Electronics,326.45,276.65,9840.97,Completed,West,Medium,Item_54,85454,2025-04-10
P0055,Books,2522.45,2137.67,2515.45,Completed,North,Medium,Item_55,77889,2025-08-26
P0056,Electronics,2831.29,2399.4,9182.95,Completed,West,High,Item_56,97500,2025-09-29
P0057,Sports,3017.72,2557.39,9505.39,Processing,West,Low,Item_57,30861,2025-09-01
P0058,Books,1370.04,1161.05,2547.67,Cancelled,West,Low,Item_58,67654,2025-02-09
P0059,Clothing,1249.02,1058.49,3424.89,Completed,South,High,Item_59,30028,2025-12-28
P0060,Furniture,414.72,351.46,4135.23,Processing,West,High,Item_60,65069,2025-07-19
P0061,Sports,4735.70,4013.31,293.37,Processing,West,High,Item_61,49139,2025-07-19
P0062,Books,2737.28,2319.73,7372.88,Pending,West,High,Item_62,73654,2025-01-15
P0063,Books,1747.03,1480.53,6823.5,Processing,South,Medium,Item_63,91560,2025-10-01
P0064,Electronics,4543.95,3850.81,5959.74,Completed,North,Low,Item_64,70515,2025-04-04
P0065,Electronics,1374.77,1165.06,3340.79,Processing,East,Medium,Item_65,59692,2025-05-23
P0066,Books,1336.13,1132.31,910.87,Completed,North,Medium,Item_66,18993,2025-11-30
P0067,Electronics,3795.74,3216.73,9501.16,Pending,North,Low,Item_67,26544,2025-08-31
P0068,Electronics,2863.45,2426.65,2257.85,Cancelled,East,High,Item_68,25012,2025-03-25
P0069,Clothing,629.68,533.63,354.22,Cancelled,West,Medium,Item_69,35995,2025-02-08
P0070,Sports,3484.01,2952.55,6309.7,Completed,East,Low,Item_70,25866,2025-10-17
P0071,Electronics,1801.30,1526.53,4340.94,Cancelled,North,Low,Item_71,11658,2025-08-04
P0072,Books,617.14,523,9611.8,Processing,South,Medium,Item_72,78386,2025-11-30
P0073,Clothing,3117.97,2642.35,9204.21,Processing,West,Medium,Item_73,87656,2025-05-18
P0074,Clothing,4273.39,3621.52,8324.24,Completed,East,Medium,Item_74,70910,2025-10-19
P0075,Sports,3374.12,2859.42,3430.33,Processing,East,High,Item_75,56507,2025-05-13
P0076,Clothing,1470.33,1246.04,6001.93,Cancelled,North,Low,Item_76,21221,2025-05-04
P0077,Books,2494.03,2113.58,7605.83,Processing,West,Medium,Item_77,22196,2025-05-31
P0078,Furniture,2081.57,1764.04,2508.72,Cancelled,West,Low,Item_78,65771,2025-10-09
P0079,Clothing,1823.87,1545.65,4592.08,Cancelled,East,High,Item_79,35242,2025-06-11
P0080,Electronics,3740.12,3169.59,9513.69,Pending,South,High,Item_80,46241,2025-10-29
P0081,Sports,3024.27,2562.94,9807.06,Pending,East,High,Item_81,49618,2025-01-08
P0082,Sports,720.26,610.39,550.61,Completed,East,Low,Item_82,93606,2025-09-09
P0083,Electronics,4376.33,3708.75,5783.24,Processing,West,Medium,Item_83,16734,2025-05-10
P0084,Books,659.03,558.5,746.9,Processing,North,Low,Item_84,17026,2025-03-19
P0085,Furniture,4074.60,3453.05,9496.34,Completed,South,High,Item_85,64548,2025-11-07
P0086,Sports,3974.63,3368.33,2334.3,Processing,West,Medium,Item_86,87139,2025-08-08
P0087,Clothing,2886.28,2446,696.28,Completed,South,Low,Item_87,96563,2025-02-11
P0088,Furniture,1275.34,1080.8,5564.72,Pending,North,Medium,Item_88,87832,2025-08-29
P0089,Clothing,259.94,220.29,2952.24,Cancelled,West,High,Item_89,44675,2025-11-17
P0090,Sports,3339.80,2830.34,9343.32,Processing,North,Low,Item_90,29528,2025-05-17
P0091,Furniture,449.91,381.28,1742.64,Cancelled,East,Medium,Item_91,49857,2025-12-25
P0092,Books,4719.11,3999.25,5054.67,Processing,West,High,Item_92,66626,2025-06-15
P0093,Sports,1326.80,1124.41,1004.14,Completed,East,Low,Item_93,,2025-03-31
P0094,Books,2642.92,2239.76,4478.07,Cancelled,South,Low,Item_94,74451,2025-02-16
P0095,Books,1805.01,1529.67,3399.75,Completed,South,Medium,Item_95,74942,2025-05-28
P0096,Books,4086.47,3463.11,5545.96,Processing,North,Medium,Item_96,25194,2025-07-26
P0097,Sports,4142.14,3510.29,111.4,Processing,West,High,Item_97,57419,2025-11-15
P0098,Books,3164.50,2681.78,7623.91,Pending,East,Low,Item_98,47752,2025-08-13
P0099,Books,694.99,588.97,9734.15,Pending,South,Medium,Item_99,82384,2025-07-28
P0100,Electronics,1201.03,1017.82,8429.92,Completed,West,High,Item_100,30181,2025-09-13
P0101,Clothing,2593.47,2197.86,2806.91,Processing,West,High,Item_101,28958,2025-07-16
P0102,Furniture,4617.15,3912.84,5131.58,Pending,North,Medium,Item_102,64387,2025-06-24
P0103,Sports,1409.15,1194.19,125.4,Cancelled,West,High,Item_103,73483,2025-06-26
P0104,Clothing,2804.40,2376.61,5479.96,Processing,East,High,Item_104,41300,2025-10-20
P0105,Books,1244.46,1054.63,7777.89,Completed,East,Low,Item_105,59968,2025-07-17
P0106,Furniture,2527.11,2141.62,466.49,Cancelled,North,Medium,Item_106,69890,2025-01-08
P0107,Furniture,2108.90,1787.2,6582.34,Pending,North,Medium,Item_107,44737,2025-06-23
P0108,Sports,3494.25,2961.23,6533.38,Cancelled,West,Medium,Item_108,73956,2025-10-05
P0109,Electronics,3125.55,2648.77,2424.23,Cancelled,South,Low,Item_109,22903,2025-11-21
P0110,Electronics,2274.02,1927.14,6970.61,Completed,North,Medium,Item_110,48452,2025-07-03
P0111,Clothing,2210.37,1873.19,2517.55,Processing,South,High,Item_111,89887,2025-07-15
P0112,Sports,3447.36,2921.49,5026.91,Pending,South,Medium,Item_112,70236,2025-05-11
P0113,Electronics,4504.65,3817.5,4706.01,Cancelled,South,High,Item_113,55293,2025-10-28
P0114,Clothing,3230.80,2737.97,4300.66,Cancelled,West,Medium,Item_114,60422,2025-09-05
P0115,Electronics,1262.31,1069.75,5762.03,Cancelled,East,High,Item_115,96275,2025-07-22
P0116,Clothing,139.68,118.37,8664.17,Completed,West,Medium,Item_116,40162,2025-11-07
P0117,Clothing,1173.12,994.17,1982.31,Cancelled,South,Low,Item_117,92242,2025-11-27
P0118,Electronics,1613.77,1367.6,4464.15,Cancelled,South,High,Item_118,52823,2025-08-01
P0119,Furniture,1083.89,918.55,7886.48,Cancelled,East,High,Item_119,73156,2025-06-01
P0120,Clothing,4040.74,3424.36,4736.48,Completed,South,High,Item_120,98395,2025-07-23
P0121,Sports,1892.30,1603.64,7927.75,Completed,East,Low,Item_121,58311,2025-12-11
P0122,Clothing,2964.34,2512.15,8241.93,Cancelled,North,Low,Item_122,13280,2025-11-14
P0123,Sports,1707.23,1446.81,6139.81,Completed,West,Low,Item_123,63516,2025-03-01
P0124,Furniture,322.20,273.05,468.4,Processing,North,High,Item_124,80457,2025-03-11
P0125,Books,2322.85,1968.52,6737.81,Processing,South,Medium,Item_125,74139,2025-11-12
P0126,Books,4701.36,3984.2,2869.43,Cancelled,South,Medium,Item_126,40947,2025-07-05
P0127,Electronics,4906.55,4158.09,3736.62,Cancelled,North,Medium,Item_127,26011,2025-08-21
P0128,Electronics,3347.57,2836.92,6452.87,Completed,North,Medium,Item_128,26505,2025-10-17
P0129,Furniture,436.19,369.65,7675.06,Pending,South,High,Item_129,29340,2025-11-02
P0130,Electronics,1458.65,1236.14,9841.88,Pending,East,High,Item_130,13379,2025-03-09
P0131,Electronics,1855.39,1572.36,7905.47,Cancelled,North,High,Item_131,26614,2025-08-04
P0132,Sports,656.88,556.68,729.22,Processing,East,Low,Item_132,69245,2025-09-15
P0133,Furniture,4732.54,4010.63,529.31,Cancelled,West,Low,Item_133,17972,2025-09-03
P0134,Books,2188.74,1854.86,1168.82,Processing,North,High,Item_134,29442,2025-02-03
P0135,Furniture,1447.58,1226.76,6367.46,Cancelled,West,Low,Item_135,69469,2025-09-16
P0136,Sports,2207.98,1871.17,7951.65,Completed,South,Medium,Item_136,39949,2025-07-31
P0137,Clothing,4154.35,3520.64,4047.43,Completed,East,Medium,Item_137,43408,2025-07-11
P0138,Furniture,3465.42,2936.8,4795.25,Completed,North,High,Item_138,58843,2025-03-08
P0139,Sports,393.91,333.82,9570.58,Cancelled,North,Medium,Item_139,97207,2025-08-05
P0140,Electronics,4845.15,4106.06,6044.06,Cancelled,North,Low,Item_140,30280,2025-12-03
P0141,Books,1198.80,1015.93,1171.36,Cancelled,North,Medium,Item_141,66244,2025-10-15
P0142,Sports,3106.51,2632.64,6462.72,Completed,East,High,Item_142,50499,2025-06-23
P0143,Clothing,129.92,110.1,8711.64,Processing,North,High,Item_143,14018,2025-02-16
P0144,Sports,1154.15,978.09,4256.34,Cancelled,South,Medium,Item_144,52517,2025-10-18
P0145,Sports,516.29,437.53,620.83,Pending,North,Low,Item_145,68079,2025-12-05
P0146,Books,2479.74,2101.47,4476.24,Cancelled,South,Low,Item_146,66349,2025-02-26
P0147,Clothing,3423.27,2901.08,5972.03,Cancelled,North,High,Item_147,88554,2025-01-29
P0148,Electronics,1101.67,933.62,9458.71,Pending,East,Medium,Item_148,11013,2025-09-12
P0149,Books,960.90,814.32,3864.05,Pending,East,High,Item_149,15544,2025-08-12
P0150,Electronics,2352.80,1993.9,870.84,Cancelled,West,Low,Item_150,93904,2025-08-02
P0151,Clothing,664.35,563.01,306.48,Cancelled,South,Low,Item_151,57428,2025-02-15
P0152,Books,4237.97,3591.5,2508.83,Processing,North,Medium,Item_152,54500,2025-04-24
P0153,Clothing,3917.68,3320.07,856.16,Completed,South,Medium,Item_153,94599,2025-03-17
P0154,Furniture,603.74,511.64,2634.09,Pending,South,Low,Item_154,92306,2025-09-10
P0155,Books,3796.78,3217.61,7622.78,Processing,East,Low,Item_155,67640,2025-02-04
P0156,Books,2266.82,1921.03,3097.92,Cancelled,North,Medium,Item_156,50685,2025-08-25
P0157,Books,284.28,240.92,3750.5,Cancelled,North,Low,Item_157,21835,2025-11-11
P0158,Sports,2584.63,2190.36,4680.85,Completed,West,Low,Item_158,52143,2025-11-06
P0159,Books,2556.70,2166.69,9581.45,Processing,North,Medium,Item_159,21053,2025-09-16
P0160,Furniture,291.80,247.29,7105.45,Processing,South,Medium,Item_160,47079,2025-07-18
P0161,Books,3894.88,3300.75,6821.09,Completed,East,High,Item_161,83133,2025-12-14
P0162,Books,1492.32,1264.68,7264.96,Pending,East,High,Item_162,28537,2025-06-29
P0163,Clothing,4841.71,4103.14,7014.95,Processing,South,Low,Item_163,21104,2025-06-08
P0164,Sports,1945.73,1648.92,7937.45,Pending,North,Low,Item_164,76648,2025-07-05
P0165,Electronics,1876.73,1590.45,1884.6,Pending,East,Medium,Item_165,28030,2025-03-21
P0166,Electronics,1549.38,1313.03,7902.39,Completed,East,Low,Item_166,59377,2025-03-20
P0167,Furniture,986.15,835.72,6959.17,Pending,West,High,Item_167,98652,2025-05-02
P0168,Books,3091.92,2620.27,7548.67,Processing,South,Low,Item_168,71474,2025-04-10
P0169,Clothing,3423.70,2901.44,5747.15,Processing,West,Medium,Item_169,75916,2025-09-28
P0170,Books,4834.71,4097.21,8187.22,Pending,East,High,Item_170,58655,2025-10-11
P0171,Electronics,3585.86,3038.86,5207.5,Completed,East,High,Item_171,45755,2025-08-19
P0172,Sports,822.01,696.62,4430.98,Pending,West,Medium,Item_172,64381,2025-01-28
P0173,Books,2559.83,2169.35,2434.2,Completed,East,High,Item_173,,2025-02-20
P0174,Clothing,3977.77,3370.99,1462.24,Cancelled,West,Low,Item_174,71487,2025-08-18
P0175,Sports,125.73,106.55,884.34,Cancelled,South,High,Item_175,89807,2025-09-28
P0176,Books,644.82,546.46,2952.21,Cancelled,North,High,Item_176,93748,2025-11-15
P0177,Books,407.76,345.56,8383.21,Processing,North,Low,Item_177,41711,2025-03-15
P0178,Clothing,2203.27,1867.18,6186.61,Pending,West,High,Item_178,21221,2025-09-26
P0179,Clothing,431.63,365.79,5307.99,Completed,West,Medium,Item_179,,2025-07-18
P0180,Clothing,1342.89,1138.04,260.8,Completed,East,High,Item_180,92346,2025-02-23
P0181,Sports,3702.42,3137.64,3391.93,Completed,East,Low,Item_181,94252,2025-03-31
P0182,Books,4906.01,4157.64,4837.46,Pending,South,High,Item_182,69988,2025-01-19
P0183,Clothing,1087.80,921.86,7931.98,Completed,East,Medium,Item_183,81176,2025-08-31
P0184,Clothing,279.44,236.81,6504.31,Cancelled,East,High,Item_184,53506,2025-05-20
P0185,Electronics,4016.78,3404.05,4425.82,Processing,West,Medium,Item_185,34486,2025-09-12
P0186,Books,1900.00,1610.17,7993.18,Cancelled,North,Low,Item_186,66440,2025-11-05
P0187,Furniture,2772.82,2349.85,3279.99,Completed,East,Low,Item_187,68447,2025-11-05
P0188,Books,916.56,776.75,4494.69,Processing,North,Low,Item_188,56210,2025-11-11
P0189,Books,1445.32,1224.85,9802.27,Completed,North,Low,Item_189,57619,2025-09-20
P0190,Furniture,4768.67,4041.25,1513.52,Processing,North,High,Item_190,94562,2025-07-07
P0191,Clothing,1975.99,1674.57,5715.72,Pending,West,Medium,Item_191,20077,2025-10-21
P0192,Furniture,2694.35,2283.35,4040.54,Cancelled,South,High,Item_192,,2025-04-06
P0193,Books,2636.95,2234.7,9144.07,Completed,East,Medium,Item_193,38124,2025-11-10
P0194,Clothing,3500.51,2966.53,9986.43,Pending,North,High,Item_194,69250,2025-03-30
P0195,Books,4986.59,4225.92,8124.08,Cancelled,East,Low,Item_195,81063,2025-05-29
P0196,Clothing,4271.67,3620.06,7146.91,Pending,East,Low,Item_196,36342,2025-03-13
P0197,Furniture,3972.83,3366.81,360.21,Cancelled,West,Low,Item_197,21300,2025-02-03
P0198,Clothing,2050.98,1738.12,7197.64,Processing,West,Medium,Item_198,19666,2025-03-06
P0199,Clothing,3247.46,2752.08,4554.75,Cancelled,South,Low,Item_199,33850,2025-03-08
P0200,Books,2564.03,2172.91,8695.3,Completed,South,Medium,Item_200,52291,2025-12-30
P0201,Furniture,1795.51,1521.62,9414.95,Cancelled,North,Medium,Item_201,82199,2025-05-21
P0202,Furniture,3162.61,2680.18,6182.84,Completed,South,Low,Item_202,30210,2025-03-29
P0203,Sports,3631.10,3077.2,6090.88,Completed,North,High,Item_203,,2025-11-25
P0204,Sports,1396.81,1183.74,2187,Processing,North,Medium,Item_204,81509,2025-05-29
P0205,Clothing,2466.43,2090.19,8066.41,Processing,East,Medium,Item_205,17852,2025-03-22
P0206,Books,2136.55,1810.64,4697.98,Cancelled,South,Medium,Item_206,51853,2025-06-26
P0207,Books,740.75,627.75,3768.35,Completed,East,High,Item_207,45058,2025-08-19
P0208,Furniture,790.30,669.75,600.99,Processing,West,High,Item_208,30932,2025-06-17
P0209,Sports,3633.53,3079.26,1979.36,Pending,West,Low,Item_209,50441,2025-09-12
P0210,Electronics,541.24,458.68,3993.1,Processing,South,High,Item_210,16377,2025-01-26
P0211,Clothing,2524.98,2139.81,8835.16,Processing,East,Low,Item_211,,2025-02-25
P0212,Books,756.28,640.92,2718.28,Cancelled,West,Medium,Item_212,,2025-01-27
P0213,Sports,2852.90,2417.71,3688.99,Cancelled,North,Medium,Item_213,82070,2025-05-24
P0214,Sports,3433.95,2910.13,1276.23,Completed,West,Medium,Item_214,54444,2025-10-13
P0215,Clothing,3799.33,3219.77,2070.67,Processing,North,High,Item_215,,2026-01-01
P0216,Clothing,4039.43,3423.25,5241.39,Pending,South,Medium,Item_216,51750,2025-03-25
P0217,Books,4954.02,4198.32,7419.26,Cancelled,East,Low,Item_217,79774,2025-09-08
P0218,Sports,1568.97,1329.64,8175.91,Cancelled,East,Low,Item_218,64596,2025-10-26
P0219,Clothing,4004.10,3393.31,7280.71,Completed,West,Medium,Item_219,85821,2025-10-23
P0220,Furniture,3634.86,3080.39,5876.88,Pending,West,High,Item_220,41745,2025-01-17
P0221,Sports,4746.21,4022.21,1187.97,Completed,West,Medium,Item_221,64127,2025-12-20
P0222,Furniture,2110.85,1788.86,7772.23,Processing,North,Low,Item_222,37176,2025-10-15
P0223,Clothing,4990.80,4229.49,4835.87,Processing,East,High,Item_223,79878,2025-06-25
P0224,Sports,1836.01,1555.94,7742.7,Cancelled,West,High,Item_224,46569,2025-10-13
P0225,Clothing,1201.85,1018.52,9731.82,Cancelled,East,Low,Item_225,74094,2025-06-12
P0226,Books,1809.14,1533.17,9343.63,Cancelled,East,High,Item_226,81197,2025-07-14
P0227,Books,4110.05,3483.09,9550.63,Pending,East,High,Item_227,20358,2025-06-27
P0228,Books,3314.26,2808.69,7498.65,Pending,South,Low,Item_228,83664,2025-12-23
P0229,Clothing,772.64,654.78,6195.2,Pending,South,High,Item_229,79604,2025-04-26
P0230,Furniture,357.21,302.72,4191.68,Processing,North,Low,Item_230,10679,2025-10-09
P0231,Furniture,2093.85,1774.45,9356.82,Processing,West,Low,Item_231,47649,2025-06-14
P0232,Clothing,3264.90,2766.86,9088.58,Completed,South,Low,Item_232,14888,2025-03-31
P0233,Books,4423.00,3748.31,1840.31,Completed,West,Medium,Item_233,47941,2025-01-20
P0234,Electronics,1562.12,1323.83,6067.55,Cancelled,East,Medium,Item_234,81211,2025-09-26
P0235,Books,4457.37,3777.43,1428.58,Processing,East,High,Item_235,53343,2025-03-25
P0236,Books,3276.60,2776.78,7214.12,Completed,East,Medium,Item_236,35318,2025-03-31
P0237,Sports,4295.12,3639.93,8980.72,Processing,East,High,Item_237,22502,2025-04-05
P0238,Furniture,2439.53,2067.4,9364.67,Completed,East,Medium,Item_238,44995,2025-06-18
P0239,Clothing,2954.06,2503.44,5771.49,Cancelled,East,Low,Item_239,97528,2025-03-02
P0240,Books,1603.35,1358.77,4113.62,Cancelled,North,Low,Item_240,48671,2025-07-08
P0241,Sports,1182.16,1001.83,9577.87,Processing,South,Medium,Item_241,89395,2025-07-11
P0242,Books,3539.51,2999.58,9136.69,Pending,South,Low,Item_242,20730,2025-09-27
P0243,Books,2688.05,2278.01,3681.67,Completed,North,Low,Item_243,36497,2025-10-21
P0244,Sports,834.28,707.02,3348.36,Processing,North,Low,Item_244,86434,2025-09-08
P0245,Electronics,4504.56,3817.42,4510.28,Completed,West,High,Item_245,69873,2025-10-16
P0246,Electronics,2838.11,2405.18,6760.4,Cancelled,North,Medium,Item_246,10395,2025-04-22
P0247,Sports,457.84,388,4294.6,Completed,North,High,Item_247,71875,2025-01-17
P0248,Clothing,2103.45,1782.58,7712.82,Processing,East,Medium,Item_248,59479,2025-07-12
P0249,Electronics,3445.38,2919.81,6651.75,Pending,East,High,Item_249,80419,2025-07-21
P0250,Sports,724.00,613.56,9789.37,Completed,North,Medium,Item_250,81361,2025-08-06
P0251,Sports,1958.45,1659.7,2373.67,Processing,East,High,Item_251,24790,2025-01-17
P0252,Books,3113.12,2638.24,9368.76,Completed,South,High,Item_252,87849,2025-01-18
P0253,Books,3029.15,2567.08,7062.53,Completed,South,Low,Item_253,,2025-08-13
P0254,Furniture,2744.82,2326.12,7568.42,Completed,South,Low,Item_254,40692,2025-10-22
P0255,Clothing,2929.63,2482.74,7748.13,Cancelled,South,Medium,Item_255,96535,2025-09-24
P0256,Furniture,2126.45,1802.08,2824.02,Pending,West,Low,Item_256,55143,2025-11-26
P0257,Books,3950.44,3347.83,3255.47,Processing,West,High,Item_257,34101,2025-10-03
P0258,Books,1280.74,1085.37,2330.91,Pending,West,High,Item_258,64592,2025-10-13
P0259,Sports,757.05,641.57,2504.3,Pending,East,Low,Item_259,68954,2025-07-09
P0260,Electronics,2724.61,2308.99,8311.12,Completed,East,Medium,Item_260,89026,2025-01-21
P0261,Electronics,1022.00,866.1,7640.79,Pending,West,High,Item_261,53642,2025-06-05
P0262,Electronics,1137.86,964.29,1981.23,Completed,West,High,Item_262,36805,2025-07-23
P0263,Furniture,2805.19,2377.28,7777.59,Processing,West,Low,Item_263,50425,2025-05-14
P0264,Clothing,2612.80,2214.24,5023.05,Completed,West,Medium,Item_264,58589,2025-06-10
P0265,Books,324.01,274.58,8654.44,Pending,North,Medium,Item_265,86550,2025-10-24
P0266,Books,1546.44,1310.54,2042.3,Pending,West,Low,Item_266,75444,2025-10-09
P0267,Clothing,1360.90,1153.31,8233.76,Processing,West,High,Item_267,56160,2025-03-28
P0268,Furniture,3629.54,3075.88,4934.33,Completed,North,High,Item_268,97584,2025-01-25
P0269,Electronics,2120.72,1797.22,8441.19,Pending,North,Low,Item_269,38668,2025-09-16
P0270,Books,1928.68,1634.47,6216.57,Processing,West,High,Item_270,,2025-10-10
P0271,Books,158.07,133.96,5341.23,Cancelled,East,High,Item_271,98346,2025-08-09
P0272,Furniture,624.38,529.14,1053.51,Pending,South,High,Item_272,43084,2025-07-01
P0273,Clothing,3995.19,3385.75,882.29,Processing,West,Low,Item_273,39603,2025-06-03
P0274,Electronics,3303.31,2799.42,8596.37,Completed,North,Medium,Item_274,82443,2025-09-01
P0275,Electronics,3220.07,2728.87,7058.17,Completed,West,Medium,Item_275,53420,2025-10-17
P0276,Electronics,4484.48,3800.41,9199.61,Pending,South,Low,Item_276,72324,2025-05-19
P0277,Electronics,4628.38,3922.36,6875.84,Cancelled,North,High,Item_277,51220,2025-01-09
P0278,Furniture,2976.48,2522.44,7547.32,Processing,North,Medium,Item_278,41519,2025-10-18
P0279,Books,3417.47,2896.16,5451.57,Processing,South,Low,Item_279,75639,2025-06-27
P0280,Electronics,578.66,490.39,2398.23,Completed,East,Low,Item_280,88067,2025-07-23
P0281,Clothing,245.17,207.77,2805.94,Processing,West,High,Item_281,59207,2025-08-10
P0282,Furniture,3430.50,2907.2,6640.65,Completed,East,High,Item_282,20752,2025-05-18
P0283,Furniture,1962.00,1662.71,7860.51,Pending,West,Medium,Item_283,21995,2025-01-03
P0284,Clothing,2279.21,1931.53,7637.33,Completed,South,High,Item_284,68830,2025-10-13
P0285,Sports,2610.96,2212.68,1122.6,Completed,East,Low,Item_285,88386,2025-06-16
P0286,Books,160.47,135.99,4196.72,Completed,South,Low,Item_286,99825,2025-07-14
P0287,Furniture,780.32,661.29,3081.2,Processing,South,High,Item_287,46170,2025-08-04
P0288,Clothing,2472.73,2095.53,861.52,Cancelled,South,Low,Item_288,87831,2025-11-12
P0289,Furniture,2343.52,1986.03,1441.35,Completed,West,Medium,Item_289,59792,2025-06-18
P0290,Books,1740.21,1474.75,8173.21,Pending,East,Medium,Item_290,36326,2025-09-03
P0291,Clothing,970.42,822.39,4042.57,Cancelled,East,Low,Item_291,74357,2025-10-22
P0292,Furniture,1696.84,1438,2874.97,Processing,East,High,Item_292,36188,2025-10-31
P0293,Sports,981.64,831.9,7699.42,Completed,West,Low,Item_293,48185,2025-12-21
P0294,Electronics,4112.93,3485.53,7977,Processing,West,High,Item_294,41722,2025-05-10
P0295,Furniture,3604.66,3054.8,7911.86,Completed,West,Low,Item_295,62534,2025-10-01
P0296,Sports,4625.13,3919.6,8709.37,Processing,North,Medium,Item_296,80373,2025-11-01
P0297,Electronics,635.91,538.91,2557.49,Cancelled,South,Low,Item_297,83822,2025-11-27
P0298,Books,4837.37,4099.47,3382.81,Processing,North,High,Item_298,39098,2025-09-19
P0299,Sports,2834.17,2401.84,6907.88,Pending,West,Medium,Item_299,99070,2025-10-29
P0300,Sports,838.65,710.72,9977.26,Processing,North,Medium,Item_300,21253,2025-03-01
P0301,Furniture,1806.81,1531.19,3496.36,Pending,West,Medium,Item_301,67431,2025-12-23
P0302,Books,1662.66,1409.03,3072.61,Completed,North,Medium,Item_302,98754,2025-03-26
P0303,Furniture,2628.37,2227.43,5563.91,Cancelled,West,Medium,Item_303,63090,2025-11-19
P0304,Furniture,1013.30,858.73,6607.35,Processing,North,Low,Item_304,35863,2025-08-19
P0305,Sports,2204.81,1868.48,144.06,Pending,South,Medium,Item_305,18200,2025-10-23
P0306,Electronics,4017.56,3404.71,5415.2,Cancelled,East,High,Item_306,44387,2025-12-10
P0307,Books,2685.80,2276.1,6427.17,Processing,West,Low,Item_307,56135,2025-08-23
P0308,Sports,945.38,801.17,6768.53,Cancelled,North,Low,Item_308,25448,2025-05-03
P0309,Clothing,673.05,570.38,3795.73,Pending,West,Medium,Item_309,85340,2025-07-16
P0310,Books,1010.19,856.09,6391.47,Pending,South,Medium,Item_310,34523,2025-06-11
P0311,Books,3135.11,2656.87,8668.67,Completed,West,High,Item_311,60324,2025-10-15
P0312,Sports,3300.04,2796.64,4150.43,Processing,West,Low,Item_312,74054,2025-03-27
P0313,Electronics,2870.45,2432.58,7979.22,Pending,East,High,Item_313,80465,2025-05-28
P0314,Furniture,3925.63,3326.81,5699.94,Processing,North,Low,Item_314,81186,2025-07-07
P0315,Sports,4130.79,3500.67,511.94,Processing,South,Medium,Item_315,95678,2025-05-07
P0316,Clothing,4386.57,3717.43,419.08,Cancelled,East,High,Item_316,25386,2025-05-02
P0317,Furniture,4072.44,3451.22,5920.45,Cancelled,West,High,Item_317,37082,2025-04-16
P0318,Electronics,2893.36,2452,5369.58,Pending,East,Low,Item_318,85069,2025-05-17
P0319,Sports,4928.89,4177.03,6825.06,Completed,South,Medium,Item_319,46349,2025-12-02
P0320,Furniture,3536.99,2997.45,1413.64,Pending,East,High,Item_320,98635,2025-07-21
P0321,Books,796.64,675.12,6360.78,Processing,West,Medium,Item_321,22202,2025-07-26
P0322,Sports,3774.03,3198.33,6977.57,Cancelled,West,Medium,Item_322,10324,2025-02-17
P0323,Books,3210.72,2720.95,7003.16,Completed,West,High,Item_323,37767,2025-09-11
P0324,Clothing,1682.04,1425.46,2907.57,Pending,West,Medium,Item_324,16345,2025-01-24
P0325,Electronics,3168.28,2684.98,8383.35,Completed,North,High,Item_325,10088,2025-08-08
P0326,Furniture,4978.90,4219.41,9103.13,Cancelled,South,Medium,Item_326,57242,2025-05-09
P0327,Electronics,1922.03,1628.84,9047.62,Pending,North,Medium,Item_327,40689,2025-08-08
P0328,Electronics,3548.12,3006.88,110.75,Processing,North,High,Item_328,78084,2025-12-15
P0329,Books,145.51,123.31,6986.41,Completed,West,Low,Item_329,19283,2025-04-28
P0330,Books,537.72,455.69,8078.97,Completed,East,Medium,Item_330,27973,2025-07-15
P0331,Furniture,3243.72,2748.92,6803.66,Completed,North,Low,Item_331,67684,2025-06-29
P0332,Furniture,3177.59,2692.87,1598.6,Processing,West,High,Item_332,23168,2025-03-13
P0333,Electronics,2988.91,2532.97,3901.92,Processing,East,High,Item_333,94491,2025-02-13
P0334,Furniture,2811.64,2382.75,6040.08,Cancelled,North,Low,Item_334,36928,2025-09-23
P0335,Sports,2596.66,2200.56,7503.65,Cancelled,North,High,Item_335,24777,2025-05-04
P0336,Books,3226.60,2734.41,803.02,Completed,East,Medium,Item_336,84498,2025-08-04
P0337,Clothing,2777.15,2353.52,1810.43,Processing,North,High,Item_337,11807,2025-05-15
P0338,Furniture,295.15,250.13,698.64,Processing,East,Low,Item_338,64451,2025-08-05
P0339,Books,503.90,427.03,5411.99,Pending,East,High,Item_339,77017,2025-04-15
P0340,Furniture,2728.31,2312.13,3968.24,Completed,East,Low,Item_340,41278,2025-01-30
P0341,Furniture,522.44,442.75,4401.39,Processing,North,Medium,Item_341,96252,2025-03-31
P0342,Electronics,162.06,137.34,1458.4,Completed,South,Medium,Item_342,78551,2025-09-22
P0343,Clothing,918.12,778.07,1356.61,Cancelled,North,High,Item_343,66272,2025-05-20
P0344,Sports,412.97,349.97,7152,Completed,West,Medium,Item_344,17266,2025-09-13
P0345,Sports,917.72,777.73,1657.37,Completed,North,High,Item_345,10336,2025-01-23
P0346,Electronics,1298.30,1100.25,4770.47,Processing,South,High,Item_346,14635,2025-10-11
P0347,Books,1200.13,1017.06,2557.81,Cancelled,East,High,Item_347,25650,2025-09-15
P0348,Electronics,978.79,829.48,8062.95,Completed,West,High,Item_348,47002,2025-06-09
P0349,Clothing,523.29,443.47,4621.79,Cancelled,South,Medium,Item_349,49834,2025-11-15
P0350,Furniture,2373.24,2011.22,5957.74,Processing,South,Low,Item_350,42129,2025-03-19
P0351,Electronics,4668.75,3956.57,336.71,Cancelled,North,Medium,Item_351,,2025-12-03
P0352,Books,4260.13,3610.28,7299.43,Completed,South,Low,Item_352,65026,2025-09-09
P0353,Electronics,4865.54,4123.34,1509.5,Cancelled,North,High,Item_353,78125,2025-07-31
P0354,Clothing,2346.44,1988.51,7504.2,Completed,South,Low,Item_354,19808,2025-10-31
P0355,Sports,405.19,343.38,6658.19,Pending,South,Medium,Item_355,51288,2025-07-21
P0356,Clothing,1658.48,1405.49,2792.36,Completed,South,High,Item_356,86638,2025-02-25
P0357,Furniture,617.72,523.49,4550.71,Cancelled,West,High,Item_357,37215,2025-08-20
P0358,Clothing,2370.40,2008.81,8539.57,Completed,South,Low,Item_358,89076,2025-01-21
P0359,Furniture,4196.03,3555.96,3345.16,Completed,South,Medium,Item_359,16416,2025-12-13
P0360,Clothing,1374.82,1165.1,9907.7,Completed,West,Medium,Item_360,82105,2025-05-08
P0361,Electronics,2364.01,2003.4,8058.58,Pending,North,High,Item_361,39135,2025-03-08
P0362,Furniture,4136.00,3505.08,3785.17,Completed,East,High,Item_362,,2025-02-03
P0363,Furniture,4522.23,3832.4,4489.97,Pending,North,Medium,Item_363,70423,2025-01-26
P0364,Furniture,4628.25,3922.25,4388.25,Processing,West,High,Item_364,65923,2025-03-30
P0365,Clothing,1152.11,976.36,1952.8,Cancelled,West,High,Item_365,,2025-11-14
P0366,Sports,1304.35,1105.38,3021.54,Processing,West,High,Item_366,60202,2025-03-12
P0367,Books,1077.34,913,8858.06,Pending,North,Medium,Item_367,57069,2025-09-03
P0368,Sports,3929.03,3329.69,3505.94,Cancelled,West,Medium,Item_368,51795,2025-11-02
P0369,Furniture,243.59,206.43,8125.82,Cancelled,North,Medium,Item_369,86544,2025-04-30
P0370,Furniture,590.66,500.56,6602.96,Cancelled,North,High,Item_370,60911,2025-07-01
P0371,Furniture,962.89,816.01,5965.94,Cancelled,North,Low,Item_371,84403,2025-10-16
P0372,Furniture,2859.23,2423.08,1963.51,Processing,East,High,Item_372,21830,2025-01-29
P0373,Furniture,3048.15,2583.18,297.29,Processing,North,Medium,Item_373,36406,2025-03-08
P0374,Clothing,3612.99,3061.86,9195.93,Cancelled,North,High,Item_374,28566,2025-02-26
P0375,Sports,4317.28,3658.71,9609.53,Cancelled,West,Low,Item_375,49552,2025-06-15
P0376,Furniture,4881.72,4137.05,7350.29,Processing,West,Low,Item_376,83659,2025-12-22
P0377,Sports,3956.26,3352.76,2310.05,Pending,West,Medium,Item_377,48602,2025-03-07
P0378,Furniture,3671.27,3111.25,9493,Processing,North,High,Item_378,90134,2025-04-24
P0379,Sports,610.14,517.07,5012.23,Cancelled,North,High,Item_379,51879,2025-03-27
P0380,Electronics,4126.14,3496.73,6733.24,Cancelled,West,High,Item_380,42707,2025-12-21
P0381,Electronics,1817.36,1540.14,7891.5,Completed,North,Medium,Item_381,65004,2025-03-27
P0382,Books,2516.10,2132.29,3849.25,Processing,North,Medium,Item_382,85766,2025-11-30
P0383,Furniture,897.02,760.19,829.72,Completed,East,High,Item_383,23726,2025-02-07
P0384,Clothing,933.52,791.12,3817.03,Completed,North,Medium,Item_384,90431,2025-09-05
P0385,Electronics,2213.48,1875.83,6570.99,Processing,South,High,Item_385,36941,2025-04-08
P0386,Books,3516.26,2979.88,7248.18,Cancelled,East,Medium,Item_386,16505,2025-07-21
P0387,Sports,2793.35,2367.25,4960.39,Completed,East,High,Item_387,48607,2025-12-05
P0388,Sports,2453.61,2079.33,1060.17,Pending,South,Low,Item_388,20739,2025-08-31
P0389,Electronics,1610.93,1365.19,4034.93,Processing,East,High,Item_389,60793,2025-04-05
P0390,Clothing,4438.91,3761.79,3757.08,Processing,North,Medium,Item_390,44524,2025-04-26
P0391,Clothing,2864.81,2427.81,1596.19,Completed,North,Low,Item_391,80968,2025-07-31
P0392,Sports,1214.81,1029.5,703.74,Processing,West,Low,Item_392,72236,2025-10-21
P0393,Furniture,2433.69,2062.45,881.65,Completed,South,High,Item_393,68856,2025-03-30
P0394,Furniture,4863.61,4121.7,8103.76,Pending,North,Medium,Item_394,99538,2025-08-11
P0395,Furniture,4986.62,4225.95,6309.54,Cancelled,East,Low,Item_395,18783,2025-02-14
P0396,Books,2826.18,2395.07,5565.34,Cancelled,West,High,Item_396,91665,2025-10-28
P0397,Sports,3930.26,3330.73,1213.94,Pending,South,Low,Item_397,23133,2025-02-24
P0398,Sports,3919.77,3321.84,7878.88,Cancelled,West,Medium,Item_398,73646,2025-10-20
P0399,Sports,2417.93,2049.09,1804.78,Processing,South,Low,Item_399,62654,2025-01-20
P0400,Books,4458.91,3778.74,3381.79,Pending,North,Low,Item_400,45203,2025-07-10
P0401,Electronics,1755.54,1487.75,7957.16,Cancelled,East,Medium,Item_401,99764,2025-02-20
P0402,Furniture,758.49,642.79,9744.77,Processing,East,Medium,Item_402,89295,2025-11-27
P0403,Electronics,1020.88,865.15,2192.77,Processing,West,Low,Item_403,17367,2025-09-21
P0404,Furniture,421.52,357.22,7124.74,Processing,South,Low,Item_404,13794,2025-03-30
P0405,Furniture,4388.38,3718.97,2087.2,Completed,South,High,Item_405,57235,2025-12-27
P0406,Furniture,1442.49,1222.45,8252.71,Processing,North,Low,Item_406,,2025-07-10
P0407,Books,3010.81,2551.53,1858.08,Processing,East,Medium,Item_407,43903,2025-12-19
P0408,Electronics,1496.84,1268.51,3927,Pending,South,High,Item_408,98826,2025-04-16
P0409,Clothing,3292.78,2790.49,5181.48,Completed,West,High,Item_409,88792,2025-01-05
P0410,Furniture,1336.71,1132.81,8070.35,Cancelled,East,Medium,Item_410,55706,2025-08-24
P0411,Clothing,1169.22,990.86,3091.24,Processing,North,High,Item_411,96816,2025-07-11
P0412,Sports,3271.98,2772.86,6129.6,Cancelled,North,Medium,Item_412,46239,2025-11-24
P0413,Clothing,4321.31,3662.13,2685.35,Cancelled,South,High,Item_413,41496,2025-01-30
P0414,Sports,2080.08,1762.78,3263.9,Pending,North,Low,Item_414,48745,2025-05-13
P0415,Books,2082.53,1764.86,7393.65,Pending,East,Low,Item_415,99957,2025-10-01
P0416,Books,4541.98,3849.14,6751.5,Cancelled,South,Low,Item_416,33741,2025-05-31
P0417,Electronics,2406.83,2039.69,7435.1,Pending,East,Low,Item_417,56567,2025-04-25
P0418,Clothing,2160.32,1830.78,8879.75,Cancelled,East,Low,Item_418,25437,2025-08-29
P0419,Electronics,4345.33,3682.48,5877.39,Completed,West,High,Item_419,99220,2025-07-15
P0420,Sports,1561.94,1323.68,635.21,Pending,South,High,Item_420,84632,2025-08-23
P0421,Furniture,1650.28,1398.54,7185.12,Completed,West,Medium,Item_421,33176,2025-06-10
P0422,Electronics,123.10,104.32,2807.93,Pending,South,Medium,Item_422,21539,2025-03-08
P0423,Sports,2225.19,1885.75,4351.16,Processing,West,Medium,Item_423,,2025-10-01
P0424,Furniture,3680.23,3118.84,9505.68,Cancelled,South,High,Item_424,92141,2025-05-08
P0425,Furniture,3498.27,2964.64,3509.06,Pending,North,Medium,Item_425,50123,2025-03-27
P0426,Electronics,4136.83,3505.79,3052.2,Cancelled,West,Low,Item_426,78697,2025-06-22
P0427,Books,4451.07,3772.09,9955.18,Cancelled,West,Medium,Item_427,31611,2025-07-26
P0428,Electronics,1219.25,1033.26,7298.97,Pending,South,Low,Item_428,,2025-09-16
P0429,Furniture,703.49,596.18,7139.99,Completed,West,Low,Item_429,80088,2025-11-16
P0430,Electronics,3010.23,2551.04,574.81,Completed,North,High,Item_430,64627,2025-08-16
P0431,Books,705.62,597.98,2602.11,Pending,South,Low,Item_431,11219,2025-06-04
P0432,Books,3342.16,2832.34,6658.58,Cancelled,South,Medium,Item_432,23751,2025-09-19
P0433,Sports,676.90,573.64,1228.72,Completed,West,High,Item_433,44471,2025-09-25
P0434,Furniture,1853.82,1571.03,4156.59,Pending,North,Low,Item_434,37222,2025-12-19
P0435,Books,1719.96,1457.59,127.11,Completed,North,Low,Item_435,29548,2025-02-16
P0436,Sports,467.74,396.39,7263.4,Cancelled,South,Medium,Item_436,48800,2025-05-16
P0437,Books,345.39,292.7,8150.47,Completed,East,Medium,Item_437,50987,2025-08-07
P0438,Electronics,565.49,479.23,7606.22,Completed,North,High,Item_438,32349,2025-06-18
P0439,Clothing,4483.19,3799.31,9555.38,Cancelled,North,Medium,Item_439,33969,2025-02-28
P0440,Books,2061.23,1746.81,4619.73,Processing,West,Medium,Item_440,31860,2025-02-27
P0441,Furniture,3511.23,2975.62,680.6,Pending,North,Medium,Item_441,73265,2025-10-19
P0442,Books,988.18,837.44,3859.53,Cancelled,North,Low,Item_442,27125,2025-09-05
P0443,Books,653.39,553.72,4171.71,Completed,North,Medium,Item_443,11620,2025-12-27
P0444,Sports,3860.89,3271.94,5808.83,Pending,East,Low,Item_444,91033,2025-02-18
P0445,Books,3342.39,2832.53,2560.91,Cancelled,West,High,Item_445,83183,2025-11-10
P0446,Electronics,157.06,133.1,9350.28,Processing,West,High,Item_446,74441,2025-06-14
P0447,Furniture,1721.38,1458.8,2853.76,Pending,West,Medium,Item_447,20332,2025-08-24
P0448,Books,4026.18,3412.02,4536.18,Processing,West,Medium,Item_448,75191,2025-12-01
P0449,Electronics,602.95,510.97,4182.15,Completed,North,Low,Item_449,93563,2025-06-05
P0450,Sports,2855.43,2419.86,6580.5,Processing,East,Medium,Item_450,39218,2025-08-21
P0451,Clothing,2844.74,2410.8,6235.6,Processing,East,Low,Item_451,22771,2025-12-04
P0452,Furniture,110.77,93.87,3615.88,Cancelled,East,Low,Item_452,31516,2025-09-10
P0453,Furniture,4127.01,3497.47,7450.86,Processing,North,Medium,Item_453,34581,2025-03-03
P0454,Books,1156.39,979.99,8263.09,Pending,East,High,Item_454,16094,2025-11-21
P0455,Sports,703.77,596.42,8928.37,Processing,South,Medium,Item_455,,2025-01-25
P0456,Sports,4683.01,3968.65,8404.28,Processing,South,Low,Item_456,26827,2025-02-23
P0457,Books,3321.86,2815.14,6100.99,Cancelled,West,Medium,Item_457,42537,2025-05-21
P0458,Books,4821.61,4086.11,9707.87,Processing,South,High,Item_458,77147,2025-06-03
P0459,Sports,4317.47,3658.87,7147.56,Pending,South,High,Item_459,48086,2025-12-18
P0460,Clothing,4613.84,3910.03,1413.45,Pending,East,Low,Item_460,56168,2025-10-15
P0461,Books,2955.75,2504.87,9432.47,Processing,East,Medium,Item_461,78515,2025-02-24
P0462,Electronics,1966.26,1666.32,625.34,Completed,South,Medium,Item_462,31094,2025-05-27
P0463,Clothing,817.50,692.8,714.12,Cancelled,South,Low,Item_463,,2025-08-20
P0464,Electronics,3118.93,2643.16,6787.71,Pending,West,High,Item_464,47701,2025-12-21
P0465,Electronics,4639.78,3932.02,3936.79,Cancelled,North,High,Item_465,36619,2025-11-14
P0466,Books,4166.92,3531.29,9123.72,Cancelled,South,Low,Item_466,48558,2025-08-18
P0467,Furniture,4918.92,4168.58,837.24,Pending,North,Medium,Item_467,,2025-05-23
P0468,Sports,1394.77,1182.01,1693.2,Cancelled,North,Medium,Item_468,30290,2025-01-21
P0469,Furniture,4650.28,3940.92,6009.12,Cancelled,West,Low,Item_469,19552,2025-12-29
P0470,Clothing,2674.44,2266.47,9574.18,Completed,South,Medium,Item_470,62876,2025-02-17
P0471,Clothing,1183.87,1003.28,2212.2,Cancelled,East,Medium,Item_471,91039,2025-09-29
P0472,Books,4983.49,4223.3,8254.52,Completed,North,Low,Item_472,41502,2025-11-25
P0473,Sports,4601.18,3899.31,2513.89,Completed,East,Medium,Item_473,24860,2025-07-17
P0474,Clothing,2747.16,2328.1,2900.01,Cancelled,West,Medium,Item_474,,2025-11-30
P0475,Furniture,1669.53,1414.86,915.22,Completed,South,Low,Item_475,92173,2025-02-03
P0476,Furniture,3384.64,2868.34,7758.46,Processing,North,High,Item_476,67047,2025-11-28
P0477,Electronics,3759.77,3186.25,1622.17,Processing,East,High,Item_477,17113,2025-04-02
P0478,Clothing,2834.61,2402.21,5792.13,Pending,East,Medium,Item_478,92603,2025-07-27
P0479,Books,1650.38,1398.63,3956.07,Completed,North,Low,Item_479,18288,2025-10-27
P0480,Electronics,3534.32,2995.19,818.64,Completed,East,Low,Item_480,21338,2025-05-25
P0481,Books,1968.93,1668.58,8239.01,Completed,West,High,Item_481,27875,2025-07-20
P0482,Sports,1545.39,1309.65,6377.05,Cancelled,East,High,Item_482,82754,2025-03-14
P0483,Electronics,304.69,258.21,5769.91,Processing,North,Medium,Item_483,55069,2025-04-19
P0484,Books,4537.58,3845.41,8529.44,Pending,South,High,Item_484,43127,2025-04-10
P0485,Electronics,988.65,837.84,8016.63,Completed,West,Low,Item_485,48096,2025-12-10
P0486,Electronics,1328.37,1125.74,2054.43,Processing,East,Medium,Item_486,95914,2025-05-01
P0487,Electronics,1497.17,1268.79,791.11,Pending,East,Medium,Item_487,90785,2025-12-04
P0488,Clothing,3497.94,2964.36,1608.71,Cancelled,East,Medium,Item_488,51053,2025-05-07
P0489,Furniture,3589.78,3042.19,6444.3,Cancelled,East,High,Item_489,53458,2025-09-03
P0490,Books,2282.25,1934.11,7770.19,Processing,North,High,Item_490,20744,2025-05-24
P0491,Furniture,4467.36,3785.9,2044.68,Completed,North,High,Item_491,92788,2025-01-16
P0492,Sports,2936.61,2488.65,7715.08,Pending,North,Low,Item_492,80736,2025-08-30
P0493,Furniture,1892.51,1603.82,2310.74,Cancelled,South,Medium,Item_493,21869,2025-07-23
P0494,Clothing,2560.62,2170.02,6660.52,Pending,South,Medium,Item_494,84233,2025-10-17
P0495,Furniture,3706.01,3140.69,4886.68,Cancelled,North,High,Item_495,40375,2025-02-02
P0496,Clothing,1910.23,1618.84,523.8,Pending,East,Medium,Item_496,69591,2025-01-24
P0497,Electronics,4904.89,4156.69,3308.3,Cancelled,East,Low,Item_497,32786,2025-07-12
P0498,Books,1889.95,1601.65,6568.03,Completed,East,Medium,Item_498,39215,2025-09-22
P0499,Books,1829.20,1550.17,8690.42,Processing,West,Low,Item_499,,2025-03-13
P0500,Books,911.47,772.43,863.17,Cancelled,South,High,Item_500,57477,2025-11-05
P0501,Electronics,3339.44,2830.03,4204.68,Cancelled,North,Medium,Item_501,72786,2025-04-18
P0502,Sports,890.11,754.33,8350.31,Completed,South,High,Item_502,87640,2025-03-24
P0503,Furniture,3184.75,2698.94,487.99,Pending,North,High,Item_503,33597,2025-09-22
P0504,Books,3036.85,2573.6,5679.69,Completed,East,High,Item_504,89498,2025-08-30
P0505,Books,935.78,793.03,8320.6,Pending,South,Low,Item_505,44671,2025-03-27
P0506,Clothing,4619.52,3914.85,6005.68,Completed,South,Medium,Item_506,24230,2025-01-09
P0507,Furniture,2661.29,2255.33,9102.46,Processing,South,Low,Item_507,72373,2025-11-11
P0508,Sports,291.28,246.85,7860.3,Completed,North,Medium,Item_508,89098,2025-10-04
P0509,Electronics,4495.15,3809.45,7771.22,Processing,West,Medium,Item_509,79444,2025-08-08
P0510,Furniture,4698.27,3981.58,4873.02,Processing,East,Low,Item_510,85513,2025-02-20
P0511,Books,756.03,640.7,4823.7,Pending,North,Medium,Item_511,81267,2025-07-29
P0512,Clothing,1026.20,869.66,7120.57,Completed,North,Low,Item_512,,2025-12-02
P0513,Furniture,3470.06,2940.73,3227.43,Cancelled,North,High,Item_513,86725,2025-05-10
P0514,Clothing,4289.39,3635.08,4293.26,Cancelled,East,Low,Item_514,36698,2025-07-31
P0515,Sports,3940.56,3339.46,4876.43,Cancelled,West,Medium,Item_515,85713,2025-06-26
P0516,Books,3705.33,3140.11,8564.49,Completed,South,Medium,Item_516,31206,2025-02-21
P0517,Furniture,2590.88,2195.66,7882.2,Completed,South,Medium,Item_517,10693,2025-02-16
P0518,Furniture,2411.18,2043.37,6042.43,Completed,North,Medium,Item_518,20490,2025-11-08
P0519,Electronics,3650.02,3093.24,9313.78,Processing,East,Low,Item_519,17531,2025-03-31
P0520,Books,2250.96,1907.59,2096.9,Cancelled,South,High,Item_520,76918,2025-09-22
P0521,Furniture,3114.43,2639.35,6772.84,Cancelled,South,Low,Item_521,,2025-03-22
P0522,Electronics,4984.40,4224.07,7818.76,Cancelled,West,Medium,Item_522,77861,2025-01-08
P0523,Electronics,4603.97,3901.67,5540.97,Cancelled,East,Medium,Item_523,35496,2025-08-21
P0524,Books,2917.04,2472.07,2684.96,Processing,North,Low,Item_524,48568,2025-06-24
P0525,Electronics,4034.42,3419,9571.42,Cancelled,West,Medium,Item_525,41886,2025-06-23
P0526,Books,3439.81,2915.09,8975.59,Completed,West,High,Item_526,60157,2025-11-21
P0527,Furniture,3416.87,2895.65,2376.31,Cancelled,West,Medium,Item_527,11274,2025-12-25
P0528,Clothing,1316.46,1115.64,1020.79,Cancelled,North,Low,Item_528,72463,2025-06-10
P0529,Clothing,1170.97,992.35,5779.75,Pending,South,Medium,Item_529,40783,2025-05-04
P0530,Clothing,1113.22,943.41,2107.39,Pending,East,High,Item_530,25712,2025-02-10
P0531,Books,3107.75,2633.69,7666.02,Completed,West,Medium,Item_531,74532,2025-10-22
P0532,Clothing,2504.95,2122.84,9845.51,Cancelled,West,High,Item_532,26809,2025-01-28
P0533,Sports,4016.42,3403.75,4835.37,Completed,East,Medium,Item_533,32911,2025-08-23
P0534,Electronics,3521.40,2984.24,4654.7,Completed,North,Low,Item_534,86153,2025-02-21
P0535,Clothing,1871.85,1586.31,8632.24,Pending,East,High,Item_535,90358,2025-06-25
P0536,Clothing,1001.18,848.46,4297.03,Processing,East,Medium,Item_536,46651,2025-08-19
P0537,Furniture,2899.91,2457.55,9794.8,Pending,North,Low,Item_537,40907,2025-10-12
P0538,Books,4295.91,3640.6,2041.03,Pending,West,High,Item_538,75483,2025-03-10
P0539,Sports,2716.51,2302.13,3225.7,Processing,East,Medium,Item_539,84427,2025-01-25
P0540,Books,584.98,495.75,1717.08,Pending,East,Medium,Item_540,22622,2025-08-19
P0541,Clothing,1372.87,1163.45,3667.04,Cancelled,East,High,Item_541,56018,2025-12-14
P0542,Sports,1074.89,910.92,5801.36,Pending,East,Medium,Item_542,76904,2025-09-07
P0543,Books,4459.20,3778.98,3872.6,Cancelled,West,Low,Item_543,31964,2025-11-24
P0544,Clothing,2166.90,1836.36,6161.87,Processing,North,High,Item_544,39912,2025-06-10
P0545,Clothing,3299.76,2796.41,7133.29,Processing,East,Medium,Item_545,57600,2025-10-28
P0546,Sports,4831.08,4094.14,4198.49,Pending,North,High,Item_546,96772,2025-05-09
P0547,Electronics,1131.80,959.15,4030.75,Completed,North,Medium,Item_547,13455,2025-07-23
P0548,Sports,3848.48,3261.42,924.19,Cancelled,South,High,Item_548,61097,2025-06-08
P0549,Furniture,1312.24,1112.07,2913.34,Pending,South,Low,Item_549,13744,2025-01-18
P0550,Clothing,4315.81,3657.47,3319.49,Processing,West,Low,Item_550,81898,2025-08-16
P0551,Furniture,4850.76,4110.81,7006.47,Pending,West,Low,Item_551,83922,2025-08-11
P0552,Sports,3234.95,2741.48,5384.46,Cancelled,West,Low,Item_552,21738,2025-08-15
P0553,Clothing,1892.34,1603.68,2672.09,Cancelled,North,High,Item_553,27865,2025-06-26
P0554,Clothing,2399.07,2033.11,182.34,Processing,West,Medium,Item_554,,2025-08-09
P0555,Clothing,3025.32,2563.83,7988,Cancelled,South,Medium,Item_555,67292,2025-07-22
P0556,Furniture,900.02,762.73,7397.47,Processing,West,High,Item_556,65343,2025-11-17
P0557,Furniture,2631.39,2229.99,8019.59,Cancelled,East,Low,Item_557,45235,2025-07-31
P0558,Furniture,4282.06,3628.86,1905.83,Cancelled,North,Low,Item_558,69345,2025-05-20
P0559,Sports,2510.78,2127.78,3274.37,Pending,North,Low,Item_559,,2025-02-22
P0560,Clothing,1419.06,1202.59,7180.44,Completed,South,High,Item_560,74694,2025-04-22
P0561,Clothing,2159.19,1829.82,7878.68,Processing,East,Medium,Item_561,14159,2025-06-19
P0562,Electronics,4233.38,3587.61,9521.28,Completed,East,Medium,Item_562,71623,2025-04-03
P0563,Furniture,4488.92,3804.17,2575.79,Processing,North,High,Item_563,42631,2025-07-17
P0564,Books,1311.09,1111.09,9945.9,Pending,West,Low,Item_564,78306,2025-12-07
P0565,Furniture,2416.85,2048.18,6846.28,Cancelled,East,High,Item_565,15529,2025-10-09
P0566,Sports,698.49,591.94,4864.17,Cancelled,South,Medium,Item_566,97385,2025-04-22
P0567,Electronics,1256.23,1064.6,4398.2,Completed,South,Medium,Item_567,61879,2025-05-05
P0568,Electronics,4847.29,4107.87,5852.66,Processing,South,Medium,Item_568,42600,2025-03-22
P0569,Books,547.87,464.3,6224.58,Completed,North,Medium,Item_569,80300,2025-02-24
P0570,Furniture,2490.43,2110.53,3235.72,Cancelled,West,Low,Item_570,59514,2025-07-03
P0571,Furniture,1328.41,1125.77,490.94,Processing,East,Low,Item_571,34874,2025-10-18
P0572,Furniture,2763.74,2342.15,3304.44,Processing,East,Low,Item_572,82682,2025-03-24
P0573,Electronics,2702.57,2290.31,4548.9,Cancelled,East,Medium,Item_573,,2025-11-23
P0574,Sports,1957.31,1658.74,1936.79,Completed,East,Low,Item_574,18302,2025-12-04
P0575,Sports,4113.34,3485.88,1979.71,Processing,South,Low,Item_575,63713,2025-11-25
P0576,Clothing,641.27,543.45,5279.69,Completed,North,High,Item_576,14099,2025-04-14
P0577,Electronics,2478.31,2100.26,1077.66,Processing,West,Low,Item_577,87371,2025-05-12
P0578,Electronics,1895.13,1606.04,6098.94,Completed,North,High,Item_578,20480,2025-08-28
P0579,Electronics,1868.54,1583.51,7460.43,Processing,East,Low,Item_579,90862,2025-05-17
P0580,Sports,299.20,253.56,796.84,Cancelled,North,High,Item_580,22729,2025-02-21
P0581,Furniture,2705.14,2292.49,1975.66,Pending,South,Low,Item_581,64419,2025-02-24
P0582,Sports,1854.02,1571.2,4641.33,Processing,North,High,Item_582,82085,2025-07-25
P0583,Sports,1753.81,1486.28,1665.95,Processing,East,Medium,Item_583,52553,2025-07-10
P0584,Books,3844.50,3258.05,4362.82,Cancelled,South,Low,Item_584,59160,2025-10-09
P0585,Clothing,1864.04,1579.69,4578.79,Processing,North,Low,Item_585,,2025-05-26
P0586,Sports,179.88,152.44,1437.35,Cancelled,North,Medium,Item_586,38157,2025-06-11
P0587,Electronics,3880.46,3288.53,9439.14,Cancelled,South,High,Item_587,,2025-07-02
P0588,Furniture,778.20,659.49,3734.12,Pending,South,Medium,Item_588,22046,2025-10-20
P0589,Books,2888.42,2447.81,2252.63,Completed,East,Medium,Item_589,85527,2025-02-18
P0590,Sports,3247.05,2751.74,469.98,Processing,North,High,Item_590,53829,2025-06-28
P0591,Books,2140.96,1814.37,8691.53,Pending,North,Low,Item_591,60133,2025-01-28
P0592,Clothing,2669.48,2262.27,3261.23,Pending,East,Low,Item_592,30079,2025-01-26
P0593,Books,4858.10,4117.03,7553.12,Completed,South,Medium,Item_593,61684,2025-03-17
P0594,Furniture,1747.22,1480.69,4810.96,Completed,West,Medium,Item_594,75774,2025-08-11
P0595,Furniture,3833.96,3249.12,4861.13,Pending,West,Medium,Item_595,35703,2025-10-15
P0596,Sports,4985.69,4225.16,5290.05,Pending,North,Medium,Item_596,52390,2025-12-17
P0597,Sports,539.01,456.79,6750.3,Processing,East,Medium,Item_597,55157,2025-11-01
P0598,Electronics,3871.44,3280.88,1775.63,Cancelled,West,Low,Item_598,15882,2025-04-30
P0599,Furniture,3458.26,2930.73,1644.31,Completed,North,Low,Item_599,91396,2025-03-17
P0600,Clothing,167.29,141.77,6968.57,Completed,East,Medium,Item_600,53499,2025-04-18
P0601,Sports,1138.19,964.57,5509.6,Cancelled,West,Low,Item_601,28526,2025-12-22
P0602,Electronics,1945.37,1648.62,9069.8,Completed,East,High,Item_602,36305,2025-12-23
P0603,Sports,1429.28,1211.25,4703.11,Completed,North,Medium,Item_603,96898,2025-12-04
P0604,Clothing,4334.98,3673.71,288.88,Processing,South,Medium,Item_604,23055,2025-06-11
P0605,Books,4347.19,3684.06,5362.45,Pending,South,Low,Item_605,83490,2025-12-31
P0606,Electronics,294.79,249.82,9230.47,Cancelled,East,Medium,Item_606,30578,2025-01-10
P0607,Clothing,3453.13,2926.38,3618.24,Cancelled,South,Low,Item_607,18127,2025-11-17
P0608,Clothing,4405.52,3733.49,8914.98,Completed,East,High,Item_608,61491,2025-12-03
P0609,Furniture,530.20,449.32,3883.85,Pending,West,High,Item_609,65897,2025-06-09
P0610,Sports,1713.50,1452.12,5468.11,Pending,South,Low,Item_610,36517,2025-03-12
P0611,Clothing,3473.81,2943.91,8996.57,Pending,West,High,Item_611,84035,2025-03-22
P0612,Clothing,432.29,366.35,5376.32,Completed,South,Medium,Item_612,29073,2025-01-16
P0613,Clothing,4412.65,3739.53,4199,Processing,East,Medium,Item_613,93472,2025-05-21
P0614,Furniture,3917.63,3320.03,1157.04,Pending,North,Low,Item_614,89377,2025-10-18
P0615,Sports,1231.47,1043.62,2398.61,Completed,East,High,Item_615,72469,2025-03-10
P0616,Sports,4246.08,3598.37,4740.76,Cancelled,South,Medium,Item_616,28024,2025-03-25
P0617,Furniture,1208.74,1024.36,4145.03,Completed,East,Medium,Item_617,97993,2025-04-14
P0618,Furniture,424.07,359.38,9278.32,Processing,West,Low,Item_618,69971,2025-05-07
P0619,Books,2083.85,1765.97,514.08,Processing,East,Medium,Item_619,84964,2025-11-01
P0620,Sports,2673.63,2265.79,8770.25,Completed,North,Medium,Item_620,15559,2025-05-06
P0621,Sports,2735.56,2318.27,9839.92,Completed,West,Low,Item_621,16461,2025-04-08
P0622,Clothing,2253.81,1910.01,8855.54,Cancelled,West,High,Item_622,90364,2025-01-28
P0623,Sports,4528.01,3837.3,4689.43,Processing,North,Low,Item_623,33562,2025-10-27
P0624,Sports,763.00,646.61,4194.24,Processing,North,High,Item_624,36467,2025-08-21
P0625,Electronics,1325.40,1123.22,6948,Pending,North,High,Item_625,68903,2025-11-21
P0626,Clothing,518.00,438.98,7102.06,Pending,West,Low,Item_626,32398,2025-06-21
P0627,Sports,4369.40,3702.88,8640.46,Pending,South,High,Item_627,16725,2025-08-03
P0628,Clothing,1616.64,1370.03,7709.44,Processing,East,Low,Item_628,27245,2025-04-14
P0629,Electronics,3150.55,2669.96,2605.8,Processing,West,Medium,Item_629,10753,2025-11-08
P0630,Books,1265.60,1072.54,5929.74,Processing,West,Medium,Item_630,88802,2025-11-04
P0631,Electronics,1299.09,1100.92,5518.68,Pending,North,High,Item_631,95626,2025-06-28
P0632,Electronics,812.33,688.42,421.08,Cancelled,East,High,Item_632,,2025-08-02
P0633,Furniture,890.54,754.69,2915.37,Pending,West,Low,Item_633,14697,2025-02-17
P0634,Clothing,1681.83,1425.28,8985.54,Completed,West,Low,Item_634,71710,2025-03-10
P0635,Electronics,3503.64,2969.19,2816.74,Processing,South,Low,Item_635,17626,2025-02-25
P0636,Sports,3675.67,3114.97,6326.89,Completed,West,Low,Item_636,47642,2025-08-07
P0637,Sports,4254.21,3605.26,2670.63,Cancelled,South,Low,Item_637,78118,2025-11-20
P0638,Books,2513.27,2129.89,1881.08,Pending,East,High,Item_638,,2025-01-13
P0639,Books,3164.76,2682,1267.46,Pending,West,Medium,Item_639,,2025-06-29
P0640,Sports,4049.61,3431.87,2202.15,Pending,East,Medium,Item_640,50340,2025-06-03
P0641,Sports,2794.97,2368.62,7693.62,Completed,East,Medium,Item_641,84569,2025-11-12
P0642,Electronics,4177.01,3539.84,2020.75,Cancelled,West,Medium,Item_642,94626,2025-03-11
P0643,Books,861.39,729.99,4660.12,Cancelled,West,Medium,Item_643,17342,2025-09-24
P0644,Clothing,2868.22,2430.69,6814.16,Completed,South,Low,Item_644,56346,2025-02-03
P0645,Furniture,1474.25,1249.36,408.61,Processing,South,Low,Item_645,34560,2025-11-01
P0646,Electronics,4336.51,3675.01,7540.25,Cancelled,North,Medium,Item_646,75149,2025-05-02
P0647,Clothing,2314.34,1961.31,9512.19,Pending,East,High,Item_647,14901,2025-04-14
P0648,Electronics,2274.49,1927.53,346.85,Processing,South,High,Item_648,73369,2025-09-26
P0649,Clothing,3900.11,3305.18,1518.62,Completed,South,High,Item_649,70210,2025-07-18
P0650,Sports,667.60,565.76,3178.72,Completed,North,Medium,Item_650,16047,2025-02-22
P0651,Sports,3854.28,3266.34,7480.99,Completed,East,Low,Item_651,52058,2025-04-13
P0652,Furniture,1504.18,1274.73,5369.53,Processing,North,Medium,Item_652,45866,2025-02-28
P0653,Electronics,4795.66,4064.12,5640.3,Completed,South,Low,Item_653,51744,2025-05-19
P0654,Furniture,4722.06,4001.75,8059.63,Pending,South,High,Item_654,54399,2025-10-04
P0655,Books,348.56,295.39,387.03,Completed,North,Medium,Item_655,65897,2025-07-20
P0656,Furniture,3552.92,3010.95,8923.63,Processing,East,Medium,Item_656,35971,2026-01-01
P0657,Sports,484.87,410.91,9235.56,Processing,South,High,Item_657,71377,2025-02-19
P0658,Books,1620.92,1373.66,6479.74,Processing,West,High,Item_658,28837,2025-11-12
P0659,Clothing,4573.02,3875.44,3981.56,Cancelled,East,Medium,Item_659,18567,2025-09-01
P0660,Electronics,1822.06,1544.12,4666.29,Pending,East,Medium,Item_660,26697,2025-09-18
P0661,Electronics,2087.86,1769.37,7171.3,Completed,East,Low,Item_661,49599,2025-09-30
P0662,Books,2064.00,1749.15,4193.07,Pending,South,Medium,Item_662,54658,2025-04-17
P0663,Sports,2212.63,1875.11,9804.03,Cancelled,South,High,Item_663,20209,2025-12-31
P0664,Sports,4200.07,3559.38,1231.8,Processing,East,Low,Item_664,68355,2025-04-01
P0665,Clothing,4783.83,4054.09,789.12,Completed,West,Medium,Item_665,96529,2025-02-01
P0666,Electronics,1166.30,988.39,1475.28,Completed,South,Low,Item_666,79632,2025-05-30
P0667,Books,3116.30,2640.93,4526.88,Pending,East,Medium,Item_667,99071,2025-06-05
P0668,Books,3617.18,3065.41,9159.67,Completed,North,Low,Item_668,62978,2025-03-07
P0669,Clothing,405.81,343.91,9020.65,Completed,North,Low,Item_669,57086,2025-02-26
P0670,Clothing,4341.83,3679.52,2428.89,Processing,East,Low,Item_670,60012,2025-08-11
P0671,Sports,1134.96,961.83,1816.76,Pending,South,Low,Item_671,57223,2025-08-02
P0672,Furniture,1513.51,1282.64,8740.08,Pending,South,High,Item_672,12058,2025-03-15
P0673,Books,3323.84,2816.81,9752.25,Pending,North,High,Item_673,64507,2025-08-22
P0674,Sports,4658.52,3947.9,6270.16,Processing,West,Low,Item_674,60425,2025-07-01
P0675,Furniture,1010.38,856.25,6085.28,Processing,South,Low,Item_675,63849,2025-10-07
P0676,Sports,1898.15,1608.6,9784.51,Processing,East,High,Item_676,20494,2025-03-14
P0677,Sports,4919.54,4169.1,9838.32,Cancelled,West,Low,Item_677,89963,2025-02-15
P0678,Furniture,2415.01,2046.62,7442.69,Completed,East,Low,Item_678,55029,2025-10-01
P0679,Electronics,2397.46,2031.75,5175.36,Processing,East,Medium,Item_679,48616,2025-05-29
P0680,Furniture,273.10,231.44,9236.36,Cancelled,East,High,Item_680,85778,2025-03-28
P0681,Sports,352.94,299.1,9904.61,Completed,East,Medium,Item_681,76269,2025-02-09
P0682,Clothing,1335.05,1131.4,6196.4,Cancelled,East,High,Item_682,89144,2025-03-31
P0683,Sports,3720.94,3153.34,6625.64,Cancelled,South,Medium,Item_683,40958,2025-09-06
P0684,Furniture,4016.92,3404.17,8633.94,Cancelled,North,High,Item_684,30204,2025-09-11
P0685,Books,3874.80,3283.73,2455.68,Processing,South,High,Item_685,55229,2025-01-28
P0686,Clothing,3801.87,3221.92,1248.34,Pending,West,Medium,Item_686,72425,2025-09-30
P0687,Furniture,1961.02,1661.88,7085.52,Processing,East,High,Item_687,66981,2025-01-07
P0688,Clothing,4643.39,3935.08,4543.32,Cancelled,North,High,Item_688,93548,2025-07-01
P0689,Books,3091.38,2619.81,6555.45,Cancelled,East,Medium,Item_689,22881,2025-05-11
P0690,Sports,2016.65,1709.03,7754.2,Pending,South,Low,Item_690,33582,2025-06-10
P0691,Sports,151.83,128.67,183.91,Completed,North,Medium,Item_691,23619,2025-12-17
P0692,Books,1822.43,1544.43,7279.98,Cancelled,South,High,Item_692,,2025-02-17
P0693,Electronics,4698.68,3981.93,6600.39,Pending,North,Low,Item_693,21322,2025-11-06
P0694,Furniture,1942.20,1645.93,7662.19,Pending,North,Low,Item_694,48609,2025-08-28
P0695,Electronics,3230.02,2737.31,9234.68,Cancelled,West,Low,Item_695,52389,2025-05-12
P0696,Furniture,3925.58,3326.76,2845.15,Completed,West,Medium,Item_696,17872,2025-05-13
P0697,Clothing,971.85,823.6,787.04,Pending,West,High,Item_697,24212,2025-03-15
P0698,Sports,3866.67,3276.84,2262.03,Completed,West,Low,Item_698,14569,2025-02-07
P0699,Electronics,2899.59,2457.28,2580.9,Processing,North,Medium,Item_699,93930,2025-01-01
P0700,Electronics,3356.57,2844.55,2737.72,Cancelled,West,Low,Item_700,,2025-12-29
P0701,Books,2442.88,2070.24,4098.74,Completed,South,High,Item_701,73185,2025-03-04
P0702,Sports,2722.99,2307.62,9916.85,Cancelled,East,Medium,Item_702,94813,2025-02-16
P0703,Clothing,2719.67,2304.81,9613.16,Completed,West,Medium,Item_703,33149,2025-10-11
P0704,Electronics,4840.81,4102.38,6641.27,Cancelled,West,High,Item_704,57089,2025-09-07
P0705,Electronics,4437.55,3760.64,4436.04,Pending,South,High,Item_705,87718,2025-05-03
P0706,Books,2004.96,1699.12,7948.12,Cancelled,West,Low,Item_706,68891,2025-01-09
P0707,Electronics,1762.50,1493.64,3443.41,Completed,West,High,Item_707,95701,2025-12-08
P0708,Sports,2346.01,1988.14,6812.97,Pending,South,High,Item_708,,2025-03-14
P0709,Books,3303.77,2799.81,4765.07,Completed,South,Low,Item_709,11882,2025-03-30
P0710,Electronics,4532.85,3841.4,8225.32,Completed,West,Low,Item_710,87469,2025-02-02
P0711,Electronics,659.48,558.88,5990.28,Pending,North,High,Item_711,98918,2025-07-25
P0712,Clothing,691.93,586.38,6872.47,Pending,East,High,Item_712,87736,2025-03-30
P0713,Clothing,409.79,347.28,2811.54,Processing,South,Low,Item_713,31627,2025-08-13
P0714,Furniture,4635.81,3928.65,502.92,Completed,West,High,Item_714,,2025-09-07
P0715,Electronics,131.11,111.11,1876.19,Completed,East,Medium,Item_715,72391,2025-12-21
P0716,Furniture,1110.19,940.84,6434.27,Processing,West,High,Item_716,90024,2025-12-21
P0717,Electronics,3021.73,2560.79,7200.27,Completed,East,Medium,Item_717,83100,2025-05-01
P0718,Furniture,675.79,572.7,5348.97,Completed,East,Low,Item_718,70845,2025-11-17
P0719,Furniture,1454.49,1232.62,2017.82,Pending,West,Medium,Item_719,97836,2025-01-23
P0720,Electronics,3259.82,2762.56,2922.14,Processing,East,Medium,Item_720,69394,2025-01-23
P0721,Electronics,3728.04,3159.36,9256.13,Pending,South,High,Item_721,25212,2025-02-06
P0722,Furniture,3634.88,3080.41,5967.8,Cancelled,West,High,Item_722,52688,2025-04-28
P0723,Electronics,1698.05,1439.03,1070.83,Processing,South,Medium,Item_723,19637,2025-08-30
P0724,Sports,2473.60,2096.27,8915.84,Pending,South,Low,Item_724,60768,2025-07-11
P0725,Furniture,2342.93,1985.53,2022.13,Cancelled,East,High,Item_725,14206,2025-12-21
P0726,Sports,392.29,332.45,1451.36,Processing,West,Medium,Item_726,55033,2025-04-23
P0727,Clothing,3057.82,2591.37,7916.51,Pending,South,High,Item_727,78389,2025-09-08
P0728,Furniture,2998.75,2541.31,8386.19,Cancelled,North,Low,Item_728,42329,2025-05-07
P0729,Clothing,2227.82,1887.98,2301.83,Pending,North,Medium,Item_729,15250,2025-08-29
P0730,Sports,264.74,224.36,5358.11,Processing,North,Medium,Item_730,20890,2025-10-13
P0731,Electronics,3496.48,2963.12,4125.52,Pending,South,Medium,Item_731,94887,2025-02-16
P0732,Electronics,2450.94,2077.07,3117.88,Processing,North,Medium,Item_732,28169,2025-12-27
P0733,Books,1006.23,852.74,8728.36,Processing,North,Low,Item_733,53634,2025-09-29
P0734,Electronics,1553.29,1316.35,7553.59,Pending,North,Low,Item_734,17184,2025-09-21
P0735,Clothing,4451.09,3772.11,1198.57,Cancelled,West,Low,Item_735,,2025-07-07
P0736,Furniture,3276.05,2776.31,7078.25,Pending,South,Medium,Item_736,24884,2025-11-29
P0737,Books,3713.16,3146.75,7547.54,Pending,South,Medium,Item_737,45043,2025-09-15
P0738,Books,1458.01,1235.6,727.35,Cancelled,West,Medium,Item_738,26083,2025-08-29
P0739,Sports,3423.71,2901.45,5375.27,Cancelled,West,Low,Item_739,98251,2025-12-21
P0740,Electronics,1022.93,866.89,8851.39,Completed,North,Medium,Item_740,47797,2025-02-09
P0741,Electronics,907.35,768.94,1209.04,Pending,West,High,Item_741,78247,2025-11-18
P0742,Electronics,1536.53,1302.14,9698.79,Pending,West,Medium,Item_742,94500,2025-01-11
P0743,Clothing,1026.40,869.83,318.16,Pending,East,Medium,Item_743,95951,2025-11-27
P0744,Clothing,2482.13,2103.5,6691.97,Processing,West,Medium,Item_744,50172,2025-03-29
P0745,Clothing,1211.23,1026.47,3781.83,Cancelled,North,High,Item_745,69759,2025-03-27
P0746,Sports,4628.25,3922.25,7146.94,Cancelled,South,High,Item_746,97340,2025-03-20
P0747,Furniture,1265.74,1072.66,507.4,Cancelled,South,Medium,Item_747,34182,2025-04-16
P0748,Sports,3564.96,3021.15,6688.98,Cancelled,South,Medium,Item_748,31311,2025-10-01
P0749,Clothing,695.30,589.24,346.76,Processing,South,Medium,Item_749,30454,2025-01-03
P0750,Sports,4880.45,4135.97,3379.68,Cancelled,West,Medium,Item_750,85199,2025-12-08
P0751,Furniture,4017.92,3405.02,7312.58,Processing,East,Low,Item_751,72781,2025-01-21
P0752,Furniture,3422.24,2900.2,1257.07,Completed,West,Low,Item_752,68454,2025-07-02
P0753,Electronics,1699.20,1440,6120.7,Pending,South,Medium,Item_753,20956,2025-10-03
P0754,Books,3417.61,2896.28,9580.47,Processing,South,Medium,Item_754,89308,2025-09-19
P0755,Electronics,4551.39,3857.11,3674.54,Pending,West,Medium,Item_755,11597,2025-05-26
P0756,Clothing,1821.64,1543.76,9777.48,Completed,South,Low,Item_756,64474,2025-08-15
P0757,Clothing,902.57,764.89,7307.21,Processing,West,High,Item_757,88372,2025-02-14
P0758,Furniture,1118.14,947.58,4798.67,Cancelled,North,Low,Item_758,21593,2025-01-04
P0759,Books,3230.15,2737.42,2805.96,Pending,West,Low,Item_759,27947,2025-04-13
P0760,Furniture,4178.19,3540.84,2965.69,Processing,North,Medium,Item_760,49834,2025-09-10
P0761,Sports,3725.29,3157.03,2322.75,Completed,South,Medium,Item_761,93958,2025-11-22
P0762,Books,708.47,600.4,6692.54,Cancelled,West,High,Item_762,94513,2025-05-06
P0763,Electronics,684.84,580.37,2844.45,Completed,East,Low,Item_763,67156,2025-05-13
P0764,Books,4873.87,4130.4,8200.98,Cancelled,North,Medium,Item_764,17669,2025-03-16
P0765,Clothing,2359.12,1999.25,6963.5,Cancelled,South,High,Item_765,64986,2025-11-22
P0766,Clothing,338.70,287.03,2987.47,Completed,South,Low,Item_766,22387,2025-11-03
P0767,Furniture,2764.19,2342.53,8737.19,Cancelled,East,Low,Item_767,57516,2025-02-19
P0768,Sports,2942.23,2493.42,8250.82,Completed,South,Low,Item_768,73556,2025-07-30
P0769,Clothing,4612.45,3908.86,1713.99,Pending,South,Low,Item_769,34696,2025-10-14
P0770,Sports,3479.30,2948.56,9529.7,Completed,West,Medium,Item_770,25278,2025-03-09
P0771,Electronics,2449.64,2075.97,3184.58,Cancelled,South,Medium,Item_771,88335,2025-09-25
P0772,Clothing,943.82,799.85,3116.37,Completed,South,High,Item_772,28659,2025-12-19
P0773,Furniture,1606.40,1361.36,2177.43,Completed,West,Low,Item_773,24643,2025-02-09
P0774,Electronics,3895.99,3301.69,7597.61,Completed,South,High,Item_774,,2025-12-04
P0775,Sports,3006.56,2547.93,4743.92,Cancelled,North,High,Item_775,11346,2025-02-19
P0776,Electronics,4608.48,3905.49,2133.47,Pending,South,Low,Item_776,21898,2025-03-16
P0777,Clothing,4749.08,4024.64,3543.58,Pending,South,Low,Item_777,22989,2025-10-24
P0778,Electronics,2691.31,2280.77,7186.54,Cancelled,South,Low,Item_778,,2025-02-20
P0779,Furniture,4610.34,3907.07,8527.84,Processing,East,Low,Item_779,67627,2025-12-11
P0780,Electronics,986.16,835.73,3612.74,Processing,West,High,Item_780,63422,2025-02-27
P0781,Clothing,705.72,598.07,1192.13,Pending,West,Medium,Item_781,83024,2025-01-21
P0782,Electronics,1707.77,1447.26,1245.65,Cancelled,West,Low,Item_782,68190,2025-04-26
P0783,Sports,2095.68,1776,9851.13,Processing,South,High,Item_783,72347,2025-12-14
P0784,Clothing,978.56,829.29,9987.36,Processing,North,Medium,Item_784,96317,2025-12-13
P0785,Electronics,684.17,579.81,4008.63,Completed,South,High,Item_785,36094,2025-06-23
P0786,Furniture,3015.31,2555.35,9907.55,Completed,South,Medium,Item_786,46505,2026-01-01
P0787,Sports,3008.88,2549.9,7587.4,Processing,East,Medium,Item_787,63011,2025-09-06
P0788,Sports,1466.56,1242.85,7703.2,Completed,North,Medium,Item_788,40254,2025-11-18
P0789,Furniture,245.65,208.18,7404.2,Completed,West,Low,Item_789,,2025-04-02
P0790,Books,3062.46,2595.31,3336.86,Cancelled,North,High,Item_790,78150,2025-09-10
P0791,Books,1089.47,923.28,6654.72,Processing,East,Low,Item_791,80848,2025-10-07
P0792,Electronics,4767.64,4040.37,412.83,Processing,North,Medium,Item_792,59327,2025-08-15
P0793,Books,276.31,234.16,1851,Cancelled,South,Medium,Item_793,50954,2025-07-19
P0794,Books,3843.65,3257.33,5731.67,Processing,West,Medium,Item_794,30487,2025-09-17
P0795,Electronics,2017.79,1709.99,4997.44,Processing,East,Medium,Item_795,13689,2025-10-30
P0796,Electronics,728.17,617.09,3727.46,Completed,East,Medium,Item_796,55238,2025-07-02
P0797,Books,1821.22,1543.41,6646.28,Pending,South,Low,Item_797,21133,2025-12-19
P0798,Electronics,4357.81,3693.06,1233.27,Pending,North,Low,Item_798,70412,2025-12-03
P0799,Books,2883.44,2443.59,9023.96,Cancelled,North,Low,Item_799,12914,2025-06-12
P0800,Books,2894.73,2453.16,3291.97,Completed,West,High,Item_800,36988,2025-06-22
P0801,Books,2563.57,2172.52,7672.55,Cancelled,South,Low,Item_801,67146,2025-04-14
P0802,Books,3213.68,2723.46,9743.66,Completed,South,Medium,Item_802,48970,2025-10-21
P0803,Books,4042.55,3425.89,6283.27,Completed,North,Low,Item_803,18817,2025-10-18
P0804,Sports,2428.81,2058.31,2176.42,Completed,East,Low,Item_804,66742,2025-12-06
P0805,Sports,1635.43,1385.96,4201.71,Cancelled,West,Low,Item_805,33671,2025-01-10
P0806,Sports,4327.28,3667.19,5810.75,Pending,West,Medium,Item_806,79824,2025-11-11
P0807,Books,4679.72,3965.86,7293.49,Completed,South,Medium,Item_807,41506,2025-03-19
P0808,Clothing,4236.20,3590,4161.58,Completed,South,Medium,Item_808,47623,2025-11-27
P0809,Furniture,1356.59,1149.65,6052.2,Processing,South,High,Item_809,13631,2025-05-06
P0810,Clothing,2374.38,2012.19,5642.27,Processing,West,Low,Item_810,36475,2025-03-23
P0811,Clothing,768.51,651.28,2658.13,Cancelled,South,Low,Item_811,73680,2025-01-11
P0812,Electronics,4311.96,3654.2,930.9,Cancelled,North,Medium,Item_812,98037,2025-12-03
P0813,Electronics,2044.79,1732.87,8414.12,Pending,South,High,Item_813,75568,2025-03-03
P0814,Sports,3354.66,2842.93,5846.16,Cancelled,West,High,Item_814,26027,2025-06-10
P0815,Clothing,4178.44,3541.05,7398.64,Pending,West,High,Item_815,32957,2025-04-20
P0816,Clothing,2253.43,1909.69,2617.63,Completed,West,Low,Item_816,24806,2025-06-12
P0817,Sports,2176.53,1844.52,6859.11,Cancelled,South,Medium,Item_817,58200,2025-06-07
P0818,Electronics,3262.45,2764.79,9061.77,Completed,North,Low,Item_818,98027,2025-05-03
P0819,Clothing,2808.37,2379.97,3161.76,Cancelled,North,Low,Item_819,67986,2025-07-18
P0820,Electronics,4557.97,3862.69,3990.46,Cancelled,East,High,Item_820,40862,2025-06-02
P0821,Furniture,4311.14,3653.51,1686.25,Processing,East,Low,Item_821,14440,2025-05-21
P0822,Electronics,4133.67,3503.11,9410.9,Processing,West,Medium,Item_822,23159,2025-03-24
P0823,Clothing,2581.04,2187.32,3583.38,Cancelled,West,Low,Item_823,,2025-01-27
P0824,Furniture,3187.77,2701.5,7931.09,Pending,North,Medium,Item_824,50048,2025-06-10
P0825,Sports,502.94,426.22,1662.44,Pending,West,Medium,Item_825,27499,2025-05-14
P0826,Furniture,3468.59,2939.48,8285.01,Cancelled,South,High,Item_826,33840,2025-07-21
P0827,Books,4729.31,4007.89,8854.98,Pending,North,High,Item_827,94817,2025-11-10
P0828,Furniture,4543.54,3850.46,9743.86,Pending,East,Low,Item_828,16525,2025-07-25
P0829,Sports,2201.63,1865.79,2675.56,Completed,East,High,Item_829,25381,2025-01-08
P0830,Sports,2232.28,1891.76,9207.89,Processing,West,High,Item_830,36626,2025-04-08
P0831,Clothing,1511.01,1280.52,4992.26,Pending,West,High,Item_831,47089,2025-12-13
P0832,Furniture,2149.82,1821.88,4144.39,Pending,North,Medium,Item_832,40865,2025-11-13
P0833,Books,4545.91,3852.47,3759.41,Processing,North,High,Item_833,52368,2025-12-21
P0834,Books,3465.58,2936.93,7162.03,Processing,East,High,Item_834,17700,2025-01-27
P0835,Clothing,4662.22,3951.03,4762.23,Cancelled,North,High,Item_835,91219,2025-07-15
P0836,Clothing,4889.87,4143.96,6745.49,Pending,North,Low,Item_836,32264,2025-09-15
P0837,Books,4658.60,3947.97,8791.18,Pending,North,Medium,Item_837,66744,2025-03-14
P0838,Clothing,672.53,569.94,537.21,Pending,West,Medium,Item_838,66372,2025-05-25
P0839,Clothing,3103.36,2629.97,7639.48,Cancelled,East,Medium,Item_839,51358,2025-09-09
P0840,Furniture,2822.81,2392.21,9236.24,Processing,North,High,Item_840,40128,2025-04-04
P0841,Electronics,2404.21,2037.47,1719.19,Processing,West,High,Item_841,74868,2025-01-21
P0842,Books,1846.95,1565.21,7119.39,Processing,West,Medium,Item_842,29405,2025-03-05
P0843,Clothing,558.53,473.33,8694.91,Pending,South,Low,Item_843,45755,2025-10-16
P0844,Sports,1140.74,966.73,9980.25,Completed,South,Medium,Item_844,42264,2025-09-13
P0845,Electronics,4448.10,3769.58,357.03,Completed,West,Medium,Item_845,23902,2025-06-15
P0846,Furniture,241.49,204.65,4656.31,Processing,West,Low,Item_846,87883,2025-12-03
P0847,Electronics,1714.19,1452.7,534.09,Processing,East,Low,Item_847,84600,2025-03-08
P0848,Furniture,4330.07,3669.55,8035.42,Cancelled,East,High,Item_848,81716,2025-11-05
P0849,Books,553.50,469.07,2626.12,Pending,West,High,Item_849,,2025-04-17
P0850,Furniture,2003.66,1698.02,4083.72,Pending,North,Medium,Item_850,66670,2025-06-08
P0851,Sports,743.30,629.92,6688.65,Cancelled,South,Medium,Item_851,60867,2025-09-01
P0852,Clothing,2858.98,2422.86,4288.4,Processing,East,Low,Item_852,92665,2025-08-07
P0853,Electronics,298.15,252.67,3483.27,Processing,South,Low,Item_853,30325,2025-09-11
P0854,Sports,3184.84,2699.02,5294.31,Cancelled,West,Medium,Item_854,72601,2025-06-03
P0855,Furniture,4922.51,4171.62,6874.71,Cancelled,South,Low,Item_855,84519,2025-01-25
P0856,Sports,475.01,402.55,546.44,Completed,West,Medium,Item_856,96619,2025-10-19
P0857,Clothing,1841.74,1560.8,5897.12,Completed,North,Low,Item_857,33534,2025-04-04
P0858,Books,321.77,272.69,4220.89,Cancelled,East,Low,Item_858,97852,2025-08-19
P0859,Sports,4058.39,3439.31,3479.21,Pending,South,High,Item_859,89174,2025-05-13
P0860,Electronics,2225.61,1886.11,277.36,Processing,North,High,Item_860,72537,2025-08-24
P0861,Books,4357.02,3692.39,9661.46,Processing,East,Low,Item_861,90837,2025-07-04
P0862,Books,4042.74,3426.05,967.59,Pending,North,High,Item_862,12082,2025-12-23
P0863,Furniture,4309.16,3651.83,2171.37,Pending,South,Medium,Item_863,80593,2025-04-08
P0864,Electronics,1574.50,1334.32,4687.91,Processing,West,High,Item_864,29978,2025-12-26
P0865,Books,4822.95,4087.25,4767.74,Processing,South,High,Item_865,61345,2025-01-27
P0866,Clothing,138.58,117.44,6341.06,Processing,West,Medium,Item_866,88097,2025-10-11
P0867,Clothing,281.38,238.46,4056.84,Processing,South,Low,Item_867,12492,2025-08-05
P0868,Sports,1647.67,1396.33,728.75,Processing,West,High,Item_868,94696,2025-06-27
P0869,Books,3517.82,2981.2,305.99,Cancelled,South,Medium,Item_869,40422,2025-09-17
P0870,Furniture,2979.53,2525.03,6881.24,Processing,South,Medium,Item_870,61166,2025-08-02
P0871,Clothing,4000.27,3390.06,8017.58,Pending,South,Medium,Item_871,21297,2025-12-08
P0872,Books,732.57,620.82,2074.89,Processing,North,Medium,Item_872,74713,2025-06-05
P0873,Furniture,1126.22,954.42,565.79,Completed,East,Medium,Item_873,30788,2025-03-31
P0874,Sports,256.65,217.5,730.29,Processing,North,Low,Item_874,83660,2025-04-25
P0875,Books,1363.33,1155.36,3469.21,Cancelled,North,Low,Item_875,29815,2025-12-20
P0876,Sports,3061.02,2594.08,1131.01,Completed,West,Medium,Item_876,24539,2025-02-24
P0877,Sports,3087.31,2616.36,8598.04,Completed,North,Low,Item_877,92565,2025-03-02
P0878,Furniture,4563.83,3867.65,1654.62,Cancelled,West,Low,Item_878,23014,2025-03-20
P0879,Clothing,1739.58,1474.22,1463.95,Pending,West,Medium,Item_879,10863,2025-05-06
P0880,Books,1772.47,1502.09,5099.73,Completed,East,Medium,Item_880,64396,2025-07-04
P0881,Furniture,842.89,714.31,7559.72,Processing,South,High,Item_881,64186,2025-07-29
P0882,Books,4764.02,4037.31,5209.94,Cancelled,North,Medium,Item_882,11303,2025-09-22
P0883,Electronics,515.41,436.79,3216.57,Pending,West,High,Item_883,14861,2025-12-05
P0884,Furniture,4522.30,3832.46,672.32,Cancelled,West,Medium,Item_884,82562,2025-06-05
P0885,Clothing,4555.23,3860.36,178.23,Cancelled,South,Low,Item_885,94394,2025-04-16
P0886,Sports,3159.36,2677.42,6220.06,Processing,East,Low,Item_886,35859,2025-06-04
P0887,Electronics,281.15,238.26,3411.48,Pending,East,High,Item_887,82323,2025-06-09
P0888,Sports,1769.47,1499.55,6393.29,Completed,North,Low,Item_888,41632,2025-06-05
P0889,Books,4936.08,4183.12,1193.37,Completed,East,Medium,Item_889,56461,2025-03-05
P0890,Electronics,3807.14,3226.39,9419.3,Processing,East,Low,Item_890,69394,2025-06-23
P0891,Furniture,4046.40,3429.15,9891.1,Pending,East,Medium,Item_891,85073,2025-12-11
P0892,Furniture,3600.32,3051.12,5244.7,Pending,North,Medium,Item_892,35238,2025-07-04
P0893,Books,580.14,491.64,7145.24,Processing,North,High,Item_893,27047,2025-09-01
P0894,Furniture,2286.20,1937.46,3756.01,Processing,West,Medium,Item_894,93422,2025-08-05
P0895,Books,3476.19,2945.92,9483.42,Processing,South,High,Item_895,73539,2025-12-31
P0896,Books,733.99,622.03,7074.79,Completed,South,Medium,Item_896,30557,2025-10-14
P0897,Clothing,4616.32,3912.14,1275.78,Processing,North,High,Item_897,47957,2025-01-21
P0898,Sports,851.19,721.35,3777.53,Cancelled,East,Medium,Item_898,28726,2025-03-14
P0899,Sports,2166.61,1836.11,9374.52,Cancelled,East,High,Item_899,74067,2025-01-02
P0900,Electronics,2782.93,2358.42,768.89,Completed,West,Medium,Item_900,84155,2025-08-20
P0901,Clothing,3928.61,3329.33,4804.75,Pending,South,Low,Item_901,68973,2025-12-08
P0902,Books,830.01,703.4,7305.86,Completed,West,Medium,Item_902,61825,2025-06-23
P0903,Sports,324.52,275.02,6737.39,Processing,East,Low,Item_903,31707,2025-12-29
P0904,Electronics,2902.77,2459.97,7981.97,Cancelled,North,Low,Item_904,35221,2025-11-13
P0905,Sports,2926.59,2480.16,623.46,Pending,West,Low,Item_905,25765,2025-12-04
P0906,Sports,980.74,831.14,287.84,Pending,South,Low,Item_906,85963,2025-08-16
P0907,Electronics,4053.91,3435.52,6107.86,Processing,North,Medium,Item_907,13049,2025-06-24
P0908,Books,984.49,834.31,338.16,Cancelled,West,Medium,Item_908,23019,2025-10-05
P0909,Furniture,1498.22,1269.68,1908.42,Completed,South,Medium,Item_909,98946,2025-03-28
P0910,Electronics,3110.93,2636.38,3320.38,Completed,North,Medium,Item_910,51948,2025-03-14
P0911,Books,4475.75,3793.01,2653.55,Completed,North,High,Item_911,88250,2025-10-28
P0912,Furniture,2515.60,2131.86,7548.66,Processing,North,Medium,Item_912,70925,2025-10-11
P0913,Books,420.75,356.57,386.17,Pending,North,Medium,Item_913,86830,2025-12-12
P0914,Electronics,1306.95,1107.58,5591.6,Pending,East,Low,Item_914,20998,2025-11-22
P0915,Sports,1096.94,929.61,9682.32,Cancelled,South,High,Item_915,65542,2025-10-12
P0916,Books,304.78,258.29,8145.17,Cancelled,South,High,Item_916,73201,2025-05-20
P0917,Sports,1329.36,1126.58,6831.98,Cancelled,South,Low,Item_917,46872,2025-01-24
P0918,Furniture,3722.00,3154.24,5674.51,Cancelled,North,Medium,Item_918,28304,2025-10-12
P0919,Clothing,4403.57,3731.84,2187.42,Cancelled,East,Low,Item_919,69338,2025-05-20
P0920,Furniture,3345.16,2834.88,3284.22,Pending,West,Low,Item_920,27527,2025-11-27
P0921,Electronics,3083.06,2612.76,142.36,Completed,South,Medium,Item_921,74091,2025-07-21
P0922,Sports,497.63,421.72,8779.53,Completed,North,Low,Item_922,26176,2025-06-30
P0923,Books,4154.59,3520.84,3643.86,Pending,North,High,Item_923,35295,2025-08-16
P0924,Electronics,1185.45,1004.62,295.84,Cancelled,East,High,Item_924,90405,2025-11-17
P0925,Clothing,4061.23,3441.72,2289.36,Processing,East,High,Item_925,89433,2025-04-18
P0926,Electronics,1060.83,899.01,8229.12,Processing,North,Medium,Item_926,74751,2025-03-29
P0927,Sports,1049.47,889.38,7414.27,Pending,North,Low,Item_927,18526,2025-03-07
P0928,Clothing,4674.46,3961.41,8569.24,Cancelled,South,Low,Item_928,,2025-12-21
P0929,Sports,3110.84,2636.31,6838.74,Processing,North,Medium,Item_929,95200,2025-01-27
P0930,Clothing,2219.49,1880.92,9951.55,Cancelled,North,Low,Item_930,74955,2025-07-05
P0931,Sports,3819.21,3236.62,8849.64,Pending,North,Medium,Item_931,79784,2025-08-18
P0932,Clothing,125.28,106.17,2026.62,Completed,North,Low,Item_932,65550,2025-02-08
P0933,Furniture,1064.70,902.29,3359.32,Completed,North,High,Item_933,13148,2025-10-31
P0934,Clothing,4218.49,3574.99,2546.82,Processing,South,Medium,Item_934,53724,2025-09-24
P0935,Furniture,4723.38,4002.86,7779.92,Processing,North,Low,Item_935,26361,2025-02-13
P0936,Electronics,4591.90,3891.44,3836.21,Completed,South,High,Item_936,67923,2025-01-29
P0937,Clothing,3092.62,2620.86,4375.21,Completed,North,Low,Item_937,59998,2025-07-25
P0938,Electronics,3124.78,2648.12,4169.97,Completed,West,Medium,Item_938,66112,2025-11-14
P0939,Sports,596.26,505.31,6544.12,Completed,West,Low,Item_939,35228,2025-02-25
P0940,Electronics,160.21,135.77,7161.66,Pending,South,Low,Item_940,56581,2025-08-04
P0941,Books,3650.65,3093.77,4501.78,Pending,South,High,Item_941,50850,2025-10-27
P0942,Books,2614.32,2215.53,6551.88,Cancelled,East,Low,Item_942,29087,2025-03-17
P0943,Books,1612.50,1366.53,3494.71,Cancelled,North,Low,Item_943,98906,2025-03-16
P0944,Electronics,1263.20,1070.51,8209.92,Completed,West,Medium,Item_944,36263,2025-11-24
P0945,Furniture,3947.79,3345.58,3481.36,Processing,West,Low,Item_945,85813,2025-10-17
P0946,Clothing,3118.91,2643.14,4245.08,Pending,North,Medium,Item_946,15530,2025-09-11
P0947,Furniture,4607.77,3904.89,6423.79,Pending,West,Low,Item_947,73012,2025-06-19
P0948,Books,1106.05,937.33,1924.02,Completed,East,High,Item_948,13934,2025-10-12
P0949,Electronics,797.77,676.08,4460.04,Cancelled,North,High,Item_949,47237,2025-03-31
P0950,Furniture,4438.37,3761.33,7216.48,Cancelled,South,High,Item_950,33078,2025-05-15
P0951,Electronics,202.87,171.92,6806.78,Processing,North,Medium,Item_951,49986,2025-08-22
P0952,Furniture,1911.24,1619.69,3786.27,Pending,West,Low,Item_952,28931,2025-03-08
P0953,Furniture,1039.24,880.71,3844.14,Cancelled,East,Low,Item_953,93380,2025-05-06
P0954,Electronics,3839.10,3253.47,5914.53,Cancelled,South,Medium,Item_954,92504,2025-05-24
P0955,Furniture,4272.36,3620.64,9687,Processing,South,Low,Item_955,71691,2025-12-06
P0956,Sports,417.88,354.14,5135.28,Cancelled,West,Low,Item_956,52182,2025-12-31
P0957,Clothing,2674.83,2266.81,4884.64,Processing,West,Medium,Item_957,93637,2025-10-26
P0958,Electronics,1115.28,945.15,8959.36,Processing,South,Medium,Item_958,65708,2025-07-13
P0959,Sports,870.33,737.57,8440.07,Cancelled,North,High,Item_959,48672,2025-08-16
P0960,Sports,1822.72,1544.68,5881.23,Processing,East,Medium,Item_960,66689,2025-07-29
P0961,Clothing,4042.07,3425.48,3238.5,Processing,North,High,Item_961,44815,2025-11-27
P0962,Electronics,1859.56,1575.9,915.94,Completed,East,High,Item_962,19351,2025-07-04
P0963,Electronics,2775.53,2352.14,3404.2,Cancelled,East,Medium,Item_963,99592,2025-05-21
P0964,Furniture,3557.65,3014.96,9980.16,Cancelled,North,Medium,Item_964,55433,2025-07-26
P0965,Books,4127.12,3497.56,7602.28,Completed,West,Low,Item_965,29566,2025-07-23
P0966,Furniture,1211.94,1027.07,7516.46,Processing,South,Low,Item_966,82432,2025-08-28
P0967,Books,1769.23,1499.35,950.17,Pending,West,Low,Item_967,67498,2025-08-19
P0968,Sports,247.51,209.75,1475.61,Pending,East,Low,Item_968,,2025-12-04
P0969,Clothing,1765.13,1495.87,4249.56,Processing,East,Medium,Item_969,84393,2025-01-17
P0970,Furniture,853.09,722.96,9531.11,Cancelled,West,Medium,Item_970,61201,2025-02-02
P0971,Sports,1993.53,1689.43,4800.3,Cancelled,West,Low,Item_971,22221,2025-03-29
P0972,Electronics,3406.94,2887.24,1858.6,Processing,North,High,Item_972,60579,2025-05-26
P0973,Furniture,1241.89,1052.45,6629.74,Completed,West,High,Item_973,11447,2025-03-29
P0974,Clothing,4312.57,3654.72,4167.53,Pending,North,High,Item_974,72685,2025-02-05
P0975,Books,4779.97,4050.82,8670.42,Pending,South,Medium,Item_975,97135,2025-09-01
P0976,Furniture,3058.18,2591.68,9397.63,Pending,West,Medium,Item_976,28702,2025-08-17
P0977,Electronics,4140.45,3508.86,6088,Pending,East,Low,Item_977,70319,2025-08-25
P0978,Sports,291.52,247.05,1001.92,Processing,East,Low,Item_978,48987,2025-07-20
P0979,Sports,4134.81,3504.08,8513.45,Processing,South,High,Item_979,66633,2025-08-23
P0980,Books,4563.08,3867.02,1916.1,Completed,West,Low,Item_980,41417,2025-03-22
P0981,Clothing,4424.52,3749.59,5423.6,Completed,South,Medium,Item_981,82459,2025-03-04
P0982,Clothing,475.01,402.55,1141.72,Cancelled,West,Medium,Item_982,37180,2025-09-17
P0983,Electronics,2364.62,2003.92,824.64,Processing,West,Medium,Item_983,35480,2025-07-23
P0984,Electronics,152.61,129.33,1235.36,Pending,East,Low,Item_984,73538,2025-08-25
P0985,Electronics,504.49,427.53,6604.52,Processing,South,Medium,Item_985,31150,2025-03-29
P0986,Electronics,3074.24,2605.29,1854.64,Completed,West,High,Item_986,11469,2025-12-13
P0987,Clothing,852.13,722.14,3645.06,Pending,North,Low,Item_987,67941,2025-12-23
P0988,Electronics,4198.86,3558.36,8133.97,Completed,West,Low,Item_988,16870,2025-11-03
P0989,Electronics,338.46,286.83,3836.22,Pending,South,Medium,Item_989,36212,2025-02-16
P0990,Electronics,2166.25,1835.81,9893.98,Cancelled,South,Low,Item_990,38910,2025-02-19
P0991,Furniture,3647.66,3091.24,535.72,Completed,East,Medium,Item_991,34844,2025-11-16
P0992,Furniture,4678.20,3964.58,4011.13,Processing,North,High,Item_992,56737,2025-06-15
P0993,Furniture,173.47,147.01,6574.53,Completed,West,High,Item_993,18652,2025-12-03
P0994,Clothing,3284.73,2783.67,3752.9,Completed,South,Medium,Item_994,88494,2025-09-13
P0995,Electronics,3591.40,3043.56,7933.47,Pending,East,High,Item_995,92689,2025-12-23
P0996,Books,3421.71,2899.75,9726.43,Pending,East,High,Item_996,51676,2025-12-08
P0997,Books,430.82,365.1,274.72,Processing,West,Low,Item_997,40464,2025-09-15
P0998,Sports,3552.68,3010.75,231.59,Completed,North,Medium,Item_998,66164,2025-05-05
P0999,Sports,489.01,414.42,1461.8,Processing,East,High,Item_999,36789,2025-11-25
P1000,Electronics,1266.51,1073.31,7280.55,Processing,East,High,Item_1000,94358,2025-01-21
